Extract,SampleID,Genotype,Plant,Replicate,Technical_Replicate,Treatment,Vi_umol_min_mL,Vt3_umol_min_mL,ActS_ratio,ActivationState
33,T2A,TVNu-1948,T,A,0,82,0.16245045,0.447711712,0.36,36.28
8,T2C,TVNu-1948,T,C,0,84,0.16763964,0.437477477,0.38,38.32
16,T2B,TVNu-1948,T,B,0,85,0.171675676,0.509837838,0.34,33.67
42,T2F,TVNu-1948,T,F,0,85,0.168684685,0.489945946,0.34,34.43
15,T2E,TVNu-1948,T,E,0,86,0.186918919,0.502414414,0.37,37.20
29,T2D,TVNu-1948,T,D,0,87,0.165153153,0.366954955,0.45,45.01
22,T3A,TVNu-1948,T,A,0,156,0.250630631,0.505153153,0.50,49.61
30,T3C,TVNu-1948,T,C,0,161,0.22363964,0.445405405,0.50,50.21
21,T3B,TVNu-1948,T,B,0,162,0.275315315,0.52763964,0.52,52.18
1,T3F,TVNu-1948,T,F,0,164,0.278682111,0.547747748,0.51,50.88
4,T3E,TVNu-1948,T,E,0,165,0.280108108,0.583027027,0.48,48.04
13,T3D,TVNu-1948,T,D,0,166,0.244396396,0.448756757,0.54,54.46
35,T4A,TVNu-1948,T,A,0,227,0.341801802,0.718954955,0.48,47.54
40,T4F,TVNu-1948,T,F,0,228,0.325837838,0.513945946,0.63,63.40
31,T4B,TVNu-1948,T,B,0,235,0.372540541,0.692036036,0.54,53.83
53,T4C,TVNu-1948,T,C,0,237,0.300504505,0.52381982,0.57,57.37
44,T4D,TVNu-1948,T,D,0,239,0.337477477,0.517117117,0.65,65.26
52,T4E,TVNu-1948,T,E,0,242,0.351459459,0.531459459,0.66,66.13
5,T5F,TVNu-1948,T,F,0,310,0.400216216,0.694378378,0.58,57.64
49,T5A,TVNu-1948,T,A,0,310,0.336828829,0.572252252,0.59,58.86
26,T5B,TVNu-1948,T,B,0,321,0.287603604,0.495603604,0.58,58.03
48,T5C,TVNu-1948,T,C,0,324,0.31636036,0.530234234,0.60,59.66
47,T5D,TVNu-1948,T,D,0,327,0.244468468,0.426558559,0.57,57.31
23,T5E,TVNu-1948,T,E,0,331,0.319207207,0.537256113,0.59,59.41
17,T6A,TVNu-1948,T,A,0,390,0.423351351,0.721117117,0.59,58.71
39,T6F,TVNu-1948,T,F,0,393,0.293189189,0.506666667,0.58,57.87
10,T6B,TVNu-1948,T,B,0,401,0.44227027,0.68972973,0.64,64.12
41,T6C,TVNu-1948,T,C,0,408,0.346810811,0.540936937,0.64,64.11
3,T6D,TVNu-1948,T,D,0,411,0.377621622,0.539243243,0.70,70.03
6,T6E,TVNu-1948,T,E,0,417,0.388828829,0.58836036,0.66,66.09
36,T7A,TVNu-1948,T,A,0,485,0.396252252,0.612108108,0.65,64.74
12,T7F,TVNu-1948,T,F,0,492,0.410599743,0.646918919,0.63,63.47
50,T7B,TVNu-1948,T,B,0,504,0.247855856,0.416540541,0.60,59.50
28,T7C,TVNu-1948,T,C,0,511,0.360252252,0.576432432,0.62,62.50
43,T7D,TVNu-1948,T,D,0,516,0.290846847,0.430990991,0.67,67.48
54,T7E,TVNu-1948,T,E,0,522,0.406306306,0.552396396,0.74,73.55
34,T8A,TVNu-1948,T,A,0,822,0.403279279,0.646846847,0.62,62.35
27,T8C,TVNu-1948,T,C,0,858,0.352432432,0.549297297,0.64,64.16
46,T8E,TVNu-1948,T,E,0,878,0.296864865,0.463387387,0.64,64.06
24,T9A,TVNu-1948,T,A,0,1165,0.527603604,0.755711712,0.70,69.82
7,T9B,TVNu-1948,T,B,0,1200,0.421261261,0.654666667,0.64,64.35
51,T9C,TVNu-1948,T,C,0,1222,0.337585586,0.516576577,0.65,65.35
38,T9E,TVNu-1948,T,E,0,1250,0.40190991,0.57445045,0.70,69.96
