Extract,SampleID,Genotype,Plant,Replicate,Treatment,Vi_umol_min_mL,Vt_umol_min_mL,Vi_umol_min_mg,Vt3_umol_min_mg,Vi_umol_m2_s,Vt3_umol_m2_s,ActS_ratio,ActS
79,N2E,Adenantha,N,E,79,0.166738739,0.340324324,0.324562555,0.662452728,12.63172263,25.78214578,0.49,48.99
102,N2B,Adenantha,N,B,80,0.192936937,0.492720721,0.334464696,0.854153116,14.61643462,37.32732733,0.39,39.16
110,N2F,Adenantha,N,F,80,0.171927928,0.352252252,0.34397782,0.70475439,13.02484302,26.68577669,0.49,48.81
65,N2C,Adenantha,N,C,81,0.196468468,0.412324324,0.389540614,0.817520856,14.88397488,31.23669124,0.48,47.65
82,N2A,Adenantha,N,A,81,0.208972973,0.48436036,0.350047753,0.811345379,15.83128583,36.69396669,0.43,43.14
21,N3F,IT86D-1010,N,F,152,0.204972973,0.370846847,0.466916164,0.84476692,15.52825553,28.09445809,0.55,55.27
8,N3E,Adenantha,N,E,153,0.246054054,0.416396396,0.458595674,0.77607982,18.64045864,31.54518155,0.59,59.09
46,N3C,Adenantha,N,C,160,0.229153153,0.468684685,0.391068372,0.799848286,17.36008736,35.50641551,0.49,48.89
25,N3A,Adenantha,N,A,167,0.297333333,0.561801802,0.458121363,0.86560563,22.52525253,42.56074256,0.53,52.92
121,N4E,Adenantha,N,E,238,0.253801802,0.360432432,0.509114702,0.723010826,19.22740923,27.30548731,0.70,70.42
133,N4B,Adenantha,N,B,239,0.317009009,0.501369369,0.479083603,0.757700372,24.01583402,37.98252798,0.63,63.23
70,N4A,Adenantha,N,A,244,0.343963964,0.510198198,0.577707782,0.856907992,26.05787606,38.65137865,0.67,67.42
129,N4C,Adenantha,N,C,244,0.340900901,0.489981982,0.489147105,0.703058477,25.82582583,37.11984712,0.70,69.57
13,N5F,Adenantha,N,F,292,0.313945946,0.475387387,0.605195761,0.916407539,23.78378378,36.01419601,0.66,66.04
30,N5C,Adenantha,N,C,324,0.38381982,0.488612613,0.645351488,0.821549228,29.07725908,37.01610702,0.79,78.55
62,N5B,Adenantha,N,B,327,0.386846847,0.558738739,0.499668776,0.721692069,29.30657931,42.32869233,0.69,69.24
124,N6E,Adenantha,N,E,399,0.293117117,0.405405405,0.508415167,0.703180555,22.20584221,30.71253071,0.72,72.30
120,N6A,Adenantha,N,A,408,0.338918919,0.472216216,0.579042596,0.80678088,25.67567568,35.77395577,0.72,71.77
83,N6C,Adenantha,N,C,411,0.290414414,0.399747748,0.542396257,0.746594079,22.001092,30.28392028,0.73,72.65
87,N7E,Adenantha,N,E,507,0.293981982,0.356648649,0.579605434,0.703157021,22.27136227,27.01883702,0.82,82.43
73,N7B,Adenantha,N,B,510,0.394810811,0.500864865,0.58152905,0.737739345,29.90990991,37.94430794,0.79,78.83
89,N7F,Adenantha,N,F,517,0.342306306,0.431711712,0.600293175,0.757080981,25.93229593,32.70543271,0.79,79.29
94,N7A,Adenantha,N,A,522,0.415531532,0.535891892,0.786703378,1.01457514,31.47966148,40.5978706,0.78,77.54
107,N7C,Adenantha,N,C,522,0.411783784,0.557153153,0.63349425,0.857132633,31.1957412,42.20857221,0.74,73.91
64,N8E,Adenantha,N,E,796,0.328828829,0.431603604,0.559074803,0.733812484,24.91127491,32.6972427,0.76,76.19
118,N8F,Adenantha,N,F,800,0.299783784,0.384954955,0.605295044,0.777264612,22.71089271,29.16325416,0.78,77.88
56,N8B,Adenantha,N,B,831,0.384720721,0.543459459,0.583682036,0.824513749,29.14550915,41.17117117,0.71,70.79
45,N8C,Adenantha,N,C,835,0.358234234,0.504792793,0.637711565,0.898608148,27.13895714,38.24187824,0.71,70.97
47,N8A,Adenantha,N,A,885,0.363135135,0.505513514,0.618876646,0.861526405,27.51023751,38.2964783,0.72,71.83
52,N9E,Adenantha,N,E,1015,0.337153153,0.426378378,0.571272555,0.722455843,25.54190554,32.3013923,0.79,79.07
32,N9F,Adenantha,N,F,1050,0.279783784,0.347927928,0.646021968,0.803367092,21.1957412,26.35817636,0.80,80.41
43,N9C,Adenantha,N,C,1160,0.340288288,0.510018018,0.525206216,0.78716971,25.77941578,38.63772864,0.67,66.72
5,N9A,Adenantha,N,A,1200,0.370594595,0.507063063,0.59919977,0.819850249,28.07534808,38.41386841,0.73,73.09
