extract,sampleID,geno,block,plant,time,Vi_umol_min_mL,Vt3_umol_min_mL,ActS_ratio,ActivationState
115,D1D,IT86D-1010,D,IT86D-1010_D,-4,0.243155727,0.32245045,0.754087106,75.40871065
276,D1A,IT86D-1010,A,IT86D-1010_A,-4,0.266774775,0.342738739,0.778361897,77.83618968
95,D2D,IT86D-1010,D,IT86D-1010_D,-1,0.27636036,0.364828829,0.757506914,75.75069143
346,D2A,IT86D-1010,A,IT86D-1010_A,-1,0.302306306,0.377405405,0.801012126,80.10121264
210,D3C,IT86D-1010,C,IT86D-1010_C,0.25,0.188972973,0.256756757,0.736,73.6
235,D3A,IT86D-1010,A,IT86D-1010_A,0.25,0.248432432,0.308864865,0.804340217,80.4340217
260,D3D,IT86D-1010,D,IT86D-1010_D,0.25,0.271027027,0.331423423,0.817766663,81.7766663
47,D4B,IT86D-1010,B,IT86D-1010_B,0.5,0.196756757,0.296468468,0.663668409,66.36684089
248,D4D,IT86D-1010,D,IT86D-1010_D,0.5,0.244972973,0.342594595,0.715052067,71.50520669
295,D4A,IT86D-1010,A,IT86D-1010_A,0.5,0.248684685,0.334954955,0.742442173,74.24421732
455,D4C,IT86D-1010,C,IT86D-1010_C,0.5,0.163351351,0.271603604,0.601432931,60.14329309
67,D5B,IT86D-1010,B,IT86D-1010_B,0.75,0.173369369,0.315387387,0.549702925,54.9702925
73,D5D,IT86D-1010,D,IT86D-1010_D,0.75,0.230702703,0.345513514,0.667709637,66.7709637
296,D5C,IT86D-1010,C,IT86D-1010_C,0.75,0.160108108,0.252468468,0.634170711,63.41707108
220,D5A,IT86D-1010,A,IT86D-1010_A,0.78,0.212900901,0.300324324,0.708903288,70.89032877
85,D6D,IT86D-1010,D,IT86D-1010_D,1,0.230378378,0.355099099,0.648772072,64.87720723
91,D6C,IT86D-1010,C,IT86D-1010_C,1,0.151279279,0.248648649,0.608405797,60.84057971
225,D6A,IT86D-1010,A,IT86D-1010_A,1,0.227603604,0.320936937,0.709184819,70.91848192
229,D6B,IT86D-1010,B,IT86D-1010_B,1,0.183855856,0.280936937,0.654438173,65.44381734
65,D7B,IT86D-1010,B,IT86D-1010_B,1.25,0.150198198,0.277369369,0.541509679,54.15096791
135,D7D,IT86D-1010,D,IT86D-1010_D,1.25,0.222630631,0.36154955,0.615767966,61.57679657
313,D7A,IT86D-1010,A,IT86D-1010_A,1.25,0.20572973,0.322378378,0.638162307,63.81623072
443,D7C,IT86D-1010,C,IT86D-1010_C,1.25,0.194342342,0.338378378,0.574334398,57.43343983
145,D8D,IT86D-1010,D,IT86D-1010_D,1.5,0.18836036,0.303243243,0.621152704,62.11527035
336,D8B,IT86D-1010,B,IT86D-1010_B,1.5,0.176936937,0.292792793,0.604307692,60.43076923
338,D8C,IT86D-1010,C,IT86D-1010_C,1.5,0.165708108,0.217297297,0.762587065,76.25870647
316,D8A,IT86D-1010,A,IT86D-1010_A,1.52,0.196072072,0.31827027,0.616055254,61.60552536
43,D9A,IT86D-1010,A,IT86D-1010_A,2,0.19754955,0.329369369,0.599781182,59.97811816
327,D9B,IT86D-1010,B,IT86D-1010_B,2,0.169477477,0.290738739,0.582920178,58.29201785
433,D9C,IT86D-1010,C,IT86D-1010_C,2,0.171099099,0.299783784,0.570741676,57.07416757
79,D10C,IT86D-1010,C,IT86D-1010_C,4,0.13845045,0.224288288,0.617287918,61.72879177
130,D10D,IT86D-1010,D,IT86D-1010_D,4,0.169945946,0.322162162,0.527516779,52.75167785
309,D10A,IT86D-1010,A,IT86D-1010_A,4,0.170630631,0.294882883,0.578638641,57.86386411
361,D10B,IT86D-1010,B,IT86D-1010_B,4,0.181585586,0.31581982,0.574965769,57.49657691
48,D11B,IT86D-1010,B,IT86D-1010_B,6,0.173189189,0.306306306,0.565411765,56.54117647
99,D11D,IT86D-1010,D,IT86D-1010_D,6,0.183495495,0.333873874,0.549595251,54.95952509
224,D11C,IT86D-1010,C,IT86D-1010_C,6,0.141009009,0.258630631,0.545213878,54.52138777
283,D11A,IT86D-1010,A,IT86D-1010_A,6,0.176756757,0.290522523,0.608409824,60.84098239
213,D12A,IT86D-1010,A,IT86D-1010_A,8,0.173765766,0.294018018,0.591003799,59.10037995
236,D12B,IT86D-1010,B,IT86D-1010_B,8,0.157369369,0.263011583,0.598336269,59.83362693
306,D12D,IT86D-1010,D,IT86D-1010_D,8,0.168324324,0.31636036,0.532065155,53.20651555
418,D12C,IT86D-1010,C,IT86D-1010_C,8,0.192756757,0.322486486,0.597720416,59.77204157
98,D13D,IT86D-1010,D,IT86D-1010_D,10,0.170378378,0.292648649,0.582194311,58.2194311
112,D13C,IT86D-1010,C,IT86D-1010_C,10,0.156216216,0.255711712,0.610907554,61.09075536
324,D13B,IT86D-1010,B,IT86D-1010_B,10,0.171855856,0.281513514,0.61047107,61.04710701
357,D13A,IT86D-1010,A,IT86D-1010_A,10,0.215315315,0.348540541,0.617762614,61.77626137
195,D14C,IT86D-1010,C,IT86D-1010_C,12,0.161657658,0.273261261,0.591586443,59.15864434
284,D14D,IT86D-1010,D,IT86D-1010_D,12,0.185657658,0.362918919,0.511567868,51.15678681
363,D14A,IT86D-1010,A,IT86D-1010_A,12,0.216972973,0.380900901,0.569631031,56.96310312
372,D14B,IT86D-1010,B,IT86D-1010_B,12,0.194882883,0.351855856,0.553871364,55.38713642
82,D15D,IT86D-1010,D,IT86D-1010_D,14,0.165765766,0.323495495,0.512420631,51.24206305
207,D15C,IT86D-1010,C,IT86D-1010_C,14,0.15027027,0.24418018,0.61540732,61.540732
233,D15A,IT86D-1010,A,IT86D-1010_A,14,0.172216216,0.297513514,0.578851744,57.88517442
321,D15B,IT86D-1010,B,IT86D-1010_B,14,0.141585586,0.28554955,0.495835437,49.58354366
72,D16C,IT86D-1010,C,IT86D-1010_C,16,0.146630631,0.23790991,0.616328385,61.63283853
261,D16D,IT86D-1010,D,IT86D-1010_D,16,0.173477477,0.315135135,0.550485992,55.0485992
332,D16B,IT86D-1010,B,IT86D-1010_B,16,0.166990991,0.280936937,0.594407388,59.44073884
358,D16A,IT86D-1010,A,IT86D-1010_A,16,0.221297297,0.355099099,0.623198701,62.3198701
78,D17D,IT86D-1010,D,IT86D-1010_D,19,0.17163964,0.308936937,0.555581477,55.55814767
189,D17C,IT86D-1010,C,IT86D-1010_C,19,0.149765766,0.229621622,0.6522285,65.22284997
335,D17A,IT86D-1010,A,IT86D-1010_A,19,0.204216216,0.325261261,0.627852869,62.78528695
480,D17B,IT86D-1010,B,IT86D-1010_B,19,0.207099099,0.366702703,0.56476022,56.47602201
83,D18C,IT86D-1010,C,IT86D-1010_C,20.25,0.161297297,0.249009009,0.647756874,64.77568741
87,D18D,IT86D-1010,D,IT86D-1010_D,20.25,0.192432432,0.341333333,0.563766892,56.37668919
353,D18A,IT86D-1010,A,IT86D-1010_A,20.25,0.238378378,0.381441441,0.624940954,62.49409542
366,D18B,IT86D-1010,B,IT86D-1010_B,20.25,0.215891892,0.341045045,0.633030431,63.30304311
172,D19C,IT86D-1010,C,IT86D-1010_C,20.5,0.165513514,0.252756757,0.654833191,65.48331908
215,D19A,IT86D-1010,A,IT86D-1010_A,20.5,0.206846847,0.315459459,0.655700251,65.57002513
305,D19D,IT86D-1010,D,IT86D-1010_D,20.5,0.224936937,0.344720721,0.652519339,65.25193393
323,D19B,IT86D-1010,B,IT86D-1010_B,20.5,0.192792793,0.307747748,0.6264637,62.64637002
57,D20B,IT86D-1010,B,IT86D-1010_B,20.75,0.196,0.29163964,0.672062276,67.2062276
94,D20D,IT86D-1010,D,IT86D-1010_D,20.75,0.221045045,0.353333333,0.625599184,62.55991841
230,D20A,IT86D-1010,A,IT86D-1010_A,20.75,0.184792793,0.267063063,0.691944407,69.1944407
288,D20C,IT86D-1010,C,IT86D-1010_C,20.75,0.180288288,0.285945946,0.630497795,63.04977946
81,D21C,IT86D-1010,C,IT86D-1010_C,21,0.188252252,0.282882883,0.665477707,66.5477707
231,D21B,IT86D-1010,B,IT86D-1010_B,21,0.193081081,0.288900901,0.668329799,66.83297992
472,D21A,IT86D-1010,A,IT86D-1010_A,21,0.248504505,0.374666667,0.66326825,66.32682505
122,D21D,IT86D-1010,D,IT86D-1010_D,21.03,0.18609009,0.320216216,0.58113887,58.11388701
113,D22C,IT86D-1010,C,IT86D-1010_C,21.25,0.164936937,0.226990991,0.726623274,72.66232735
264,D22D,IT86D-1010,D,IT86D-1010_D,21.25,0.216108108,0.321441441,0.672309417,67.2309417
319,D22A,IT86D-1010,A,IT86D-1010_A,21.25,0.168288288,0.28381982,0.592940579,59.2940579
343,D22B,IT86D-1010,B,IT86D-1010_B,21.25,0.231099099,0.35163964,0.657204345,65.72043452
96,D23C,IT86D-1010,C,IT86D-1010_C,21.5,0.195675676,0.295171171,0.66292272,66.29227201
107,D23D,IT86D-1010,D,IT86D-1010_D,21.5,0.235315315,0.340324324,0.691444303,69.14443033
339,D23A,IT86D-1010,A,IT86D-1010_A,21.5,0.279315315,0.357945946,0.780328199,78.03281989
456,D23B,IT86D-1010,B,IT86D-1010_B,21.5,0.250486486,0.384936937,0.650720839,65.07208388
52,D24B,IT86D-1010,B,IT86D-1010_B,22,0.228,0.321693694,0.70874874,70.87487398
88,D24D,IT86D-1010,D,IT86D-1010_D,22,0.253081081,0.339027027,0.746492347,74.64923469
279,D24C,IT86D-1010,C,IT86D-1010_C,22,0.212288288,0.293477477,0.723354617,72.33546169
368,D24A,IT86D-1010,A,IT86D-1010_A,22,0.267171171,0.353369369,0.756067714,75.60677136
109,D25D,IT86D-1010,D,IT86D-1010_D,24,0.264252252,0.328108108,0.805381658,80.53816584
134,D25C,IT86D-1010,C,IT86D-1010_C,24,0.199459459,0.254810811,0.782774714,78.27747136
271,D25A,IT86D-1010,A,IT86D-1010_A,24,0.245513514,0.327531532,0.749587413,74.95874134
272,D25B,IT86D-1010,B,IT86D-1010_B,24,0.24763964,0.325369369,0.761103112,76.11031122
274,D26D,IT86D-1010,D,IT86D-1010_D,26,0.295603604,0.359423423,0.82243834,82.24383397
298,D26B,IT86D-1010,B,IT86D-1010_B,26,0.253153153,0.317297297,0.797842135,79.78421352
317,D26A,IT86D-1010,A,IT86D-1010_A,26,0.264216216,0.339027027,0.779336735,77.93367347
92,D27D,IT86D-1010,D,IT86D-1010_D,28,0.26154955,0.331891892,0.78805646,78.80564604
232,D27A,IT86D-1010,A,IT86D-1010_A,28,0.23845045,0.294558559,0.809517984,80.95179839
404,D27C,IT86D-1010,C,IT86D-1010_C,28,0.246594595,0.322522523,0.764581006,76.45810056
50,D28B,IT86D-1010,B,IT86D-1010_B,30,0.211279279,0.282342342,0.74830887,74.83088705
125,D28D,IT86D-1010,D,IT86D-1010_D,30,0.28363964,0.366702703,0.773486635,77.34866352
165,D28C,IT86D-1010,C,IT86D-1010_C,30,0.214558559,0.263747748,0.813499112,81.34991119
350,D28A,IT86D-1010,A,IT86D-1010_A,30,0.296648649,0.357225225,0.830424695,83.04246948
40,D29B,IT86D-1010,B,IT86D-1010_B,32,0.248720721,0.314774775,0.790154551,79.01545507
101,D29D,IT86D-1010,D,IT86D-1010_D,32,0.282486486,0.332612613,0.849295775,84.92957746
364,D29A,IT86D-1010,A,IT86D-1010_A,32,0.279711712,0.343927928,0.813285834,81.3285834
439,D29C,IT86D-1010,C,IT86D-1010_C,32,0.237189189,0.320720721,0.739550562,73.95505618
80,D30D,IT86D-1010,D,IT86D-1010_D,34,0.283927928,0.343567568,0.826410741,82.64107405
198,D30C,IT86D-1010,C,IT86D-1010_C,34,0.190594595,0.232756757,0.818857408,81.88574083
221,D30A,IT86D-1010,A,IT86D-1010_A,34,0.252900901,0.314666667,0.80371049,80.37104902
348,D30B,IT86D-1010,B,IT86D-1010_B,34,0.287711712,0.357009009,0.805894822,80.58948218
117,D31D,IT86D-1010,D,IT86D-1010_D,36,0.269045045,0.329765766,0.815867118,81.58671183
302,D31C,IT86D-1010,C,IT86D-1010_C,36,0.211387387,0.265405405,0.79646979,79.64697895
330,D31B,IT86D-1010,B,IT86D-1010_B,36,0.250198198,0.298666667,0.837717181,83.77171815
377,D31A,IT86D-1010,A,IT86D-1010_A,36,0.318342342,0.412900901,0.770989702,77.09897015
54,D32B,IT86D-1010,B,IT86D-1010_B,39,0.255459459,0.315747748,0.809061858,80.9061858
194,D32C,IT86D-1010,C,IT86D-1010_C,39,0.186666667,0.230486486,0.809881176,80.98811757
268,D32D,IT86D-1010,D,IT86D-1010_D,39,0.243603604,0.297873874,0.817807888,81.78078877
311,D32A,IT86D-1010,A,IT86D-1010_A,39,0.26645045,0.352144144,0.756651658,75.66516578
36,T1A,TVNu-1948,A,TVNu-1948_A,-4,0.144288288,0.277873874,0.519258203,51.92582026
374,T1B,TVNu-1948,B,TVNu-1948_B,-4,0.198342342,0.363675676,0.545382481,54.53824812
154,T1C,TVNu-1948,C,TVNu-1948_C,-4,0.235963964,0.318018018,0.741983003,74.19830028
183,T1D,TVNu-1948,D,TVNu-1948_D,-4,0.241801802,0.365153153,0.662192835,66.21928353
106,T2A,TVNu-1948,A,TVNu-1948_A,-1,0.162126126,0.292612613,0.554064039,55.40640394
228,T2B,TVNu-1948,B,TVNu-1948_B,-1,0.209981982,0.328504505,0.639205792,63.9205792
203,T2C,TVNu-1948,C,TVNu-1948_C,-1,0.224072072,0.332720721,0.673453915,67.34539153
15,T2D,TVNu-1948,D,TVNu-1948_D,-1,0.233369369,0.407963964,0.572034273,57.20342726
41,T3A,TVNu-1948,A,TVNu-1948_A,0.25,0.151495495,0.270954955,0.559116904,55.91169038
318,T3B,TVNu-1948,B,TVNu-1948_B,0.25,0.188144144,0.326558559,0.576142132,57.6142132
432,T3C,TVNu-1948,C,TVNu-1948_C,0.25,0.239423423,0.402846847,0.594328652,59.43286519
139,T3D,TVNu-1948,D,TVNu-1948_D,0.25,0.224252252,0.321765766,0.696942547,69.69425468
351,T4A,TVNu-1948,A,TVNu-1948_A,0.5,0.172684685,0.322522523,0.535418994,53.54189944
379,T4B,TVNu-1948,B,TVNu-1948_B,0.5,0.196648649,0.394990991,0.497856035,49.7856035
476,T4C,TVNu-1948,C,TVNu-1948_C,0.5,0.281081081,0.439927928,0.638925295,63.89252949
160,T4D,TVNu-1948,D,TVNu-1948_D,0.5,0.238954955,0.383243243,0.623507287,62.35072873
55,T5A,TVNu-1948,A,TVNu-1948_A,0.75,0.151855856,0.269657658,0.563143124,56.31431244
464,T5C,TVNu-1948,C,TVNu-1948_C,0.75,0.272684685,0.446810811,0.610291153,61.02911525
25,T5D,TVNu-1948,D,TVNu-1948_D,0.75,0.187711712,0.364072072,0.515589429,51.55894289
331,T6B,TVNu-1948,B,TVNu-1948_B,1,0.161477477,0.317657658,0.50833806,50.83380601
310,T6D,TVNu-1948,D,TVNu-1948_D,1,0.178738739,0.333801802,0.535463673,53.54636727
239,T7A,TVNu-1948,A,TVNu-1948_A,1.25,0.155099099,0.299279279,0.518242023,51.82420229
460,T7B,TVNu-1948,B,TVNu-1948_B,1.25,0.218954955,0.42627027,0.513652887,51.3652887
417,T7C,TVNu-1948,C,TVNu-1948_C,1.25,0.295243243,0.476252252,0.619930387,61.99303874
250,T7D,TVNu-1948,D,TVNu-1948_D,1.25,0.198054054,0.343891892,0.575919522,57.59195222
68,T8A,TVNu-1948,A,TVNu-1948_A,1.5,0.154882883,0.292252252,0.529963009,52.99630086
373,T8B,TVNu-1948,B,TVNu-1948_B,1.5,0.218342342,0.362990991,0.601508984,60.15089844
463,T8C,TVNu-1948,C,TVNu-1948_C,1.5,0.248288288,0.424576577,0.584790358,58.47903582
24,T8D,TVNu-1948,D,TVNu-1948_D,1.5,0.181477477,0.38154955,0.475632792,47.56327918
46,T9A,TVNu-1948,A,TVNu-1948_A,2,0.150486486,0.27636036,0.544529926,54.45299257
312,T9B,TVNu-1948,B,TVNu-1948_B,2,0.178846847,0.325477477,0.5494907,54.94906997
177,T9D,TVNu-1948,D,TVNu-1948_D,2,0.189513514,0.341225225,0.555391277,55.53912768
39,T10A,TVNu-1948,A,TVNu-1948_A,4,0.160432432,0.292252252,0.548951911,54.89519112
355,T10B,TVNu-1948,B,TVNu-1948_B,4,0.190774775,0.339207207,0.562413683,56.24136832
209,T10C,TVNu-1948,C,TVNu-1948_C,4,0.214198198,0.354126126,0.60486415,60.48641498
18,T10D,TVNu-1948,D,TVNu-1948_D,4,0.17636036,0.381801802,0.461915998,46.19159981
56,T11A,TVNu-1948,A,TVNu-1948_A,6,0.169189189,0.29827027,0.567234505,56.72345053
376,T11C,TVNu-1948,C,TVNu-1948_C,6,0.264288288,0.466018018,0.567120322,56.71203217
156,T11D,TVNu-1948,D,TVNu-1948_D,6,0.172036036,0.355243243,0.48427673,48.42767296
347,T11B,TVNu-1948,B,TVNu-1948_B,6.5,0.20245045,0.399387387,0.506902463,50.69024632
237,T12A,TVNu-1948,A,TVNu-1948_A,8,0.155207207,0.275423423,0.563522177,56.35221772
487,T12B,TVNu-1948,B,TVNu-1948_B,8,0.235783784,0.434234234,0.542987552,54.29875519
17,T12D,TVNu-1948,D,TVNu-1948_D,8,0.15790991,0.354378378,0.445596909,44.55969087
77,T13A,TVNu-1948,A,TVNu-1948_A,10,0.160756757,0.291207207,0.552035639,55.20356392
385,T13B,TVNu-1948,B,TVNu-1948_B,10,0.236288288,0.454666667,0.519695649,51.96956487
429,T13C,TVNu-1948,C,TVNu-1948_C,10,0.240144144,0.475711712,0.504810242,50.48102416
9,T13D,TVNu-1948,D,TVNu-1948_D,10,0.172648649,0.348,0.496116806,49.61168065
62,T14A,TVNu-1948,A,TVNu-1948_A,12,0.158234234,0.30018018,0.527130852,52.71308523
314,T14B,TVNu-1948,B,TVNu-1948_B,12,0.18590991,0.324756757,0.572458944,57.24589436
477,T14C,TVNu-1948,C,TVNu-1948_C,12,0.221477477,0.394774775,0.561022364,56.10223642
5,T14D,TVNu-1948,D,TVNu-1948_D,12,0.178486486,0.407783784,0.437698834,43.76988335
447,T15A,TVNu-1948,A,TVNu-1948_A,14,0.194126126,0.362738739,0.535167892,53.51678919
371,T15B,TVNu-1948,B,TVNu-1948_B,14,0.197261261,0.35236036,0.559828186,55.98281857
175,T15C,TVNu-1948,C,TVNu-1948_C,14,0.18036036,0.343855856,0.524523161,52.45231608
282,T15D,TVNu-1948,D,TVNu-1948_D,14,0.166342342,0.355207207,0.468296642,46.8296642
110,T16A,TVNu-1948,A,TVNu-1948_A,16,0.140252252,0.242558559,0.578220175,57.82201753
436,T16B,TVNu-1948,B,TVNu-1948_B,16,0.174198198,0.375747748,0.463604105,46.36041047
186,T16C,TVNu-1948,C,TVNu-1948_C,16,0.180504505,0.302846847,0.596025702,59.6025702
468,T16D,TVNu-1948,D,TVNu-1948_D,16,0.188540541,0.411099099,0.458625526,45.86255259
345,T17A,TVNu-1948,A,TVNu-1948_A,19,0.174594595,0.317369369,0.550130578,55.01305779
328,T17B,TVNu-1948,B,TVNu-1948_B,19,0.188108108,0.317225225,0.592979666,59.2979666
483,T17C,TVNu-1948,C,TVNu-1948_C,19,0.229225225,0.416828829,0.549926515,54.99265151
286,T17D,TVNu-1948,D,TVNu-1948_D,19,0.186054054,0.36609009,0.508219313,50.82193129
42,T18A,TVNu-1948,A,TVNu-1948_A,20.25,0.18190991,0.300756757,0.604840642,60.48406422
369,T18B,TVNu-1948,B,TVNu-1948_B,20.25,0.212432432,0.352252252,0.603069054,60.30690537
400,T18C,TVNu-1948,C,TVNu-1948_C,20.25,0.265945946,0.481837838,0.551940767,55.19407673
21,T18D,TVNu-1948,D,TVNu-1948_D,20.25,0.179387387,0.326846847,0.548842337,54.88423374
74,T19A,TVNu-1948,A,TVNu-1948_A,20.5,0.169477477,0.28645045,0.591646748,59.1646748
365,T19B,TVNu-1948,B,TVNu-1948_B,20.5,0.210234234,0.343567568,0.611915251,61.19152507
386,T19C,TVNu-1948,C,TVNu-1948_C,20.5,0.25845045,0.457801802,0.564546599,56.45465995
2,T19D,TVNu-1948,D,TVNu-1948_D,20.5,0.188684685,0.341873874,0.551913144,55.19131443
454,T20A,TVNu-1948,A,TVNu-1948_A,20.75,0.207567568,0.349009009,0.594734125,59.47341249
440,T20C,TVNu-1948,C,TVNu-1948_C,20.75,0.220900901,0.402990991,0.548153447,54.81534472
227,T20D,TVNu-1948,D,TVNu-1948_D,20.75,0.202738739,0.380504505,0.532815608,53.28156075
44,T21A,TVNu-1948,A,TVNu-1948_A,21,0.184252252,0.301836675,0.610436926,61.04369259
473,T21B,TVNu-1948,B,TVNu-1948_B,21,0.220684685,0.392072072,0.562867647,56.28676471
411,T21C,TVNu-1948,C,TVNu-1948_C,21,0.248936937,0.444144144,0.560486815,56.04868154
28,T21D,TVNu-1948,D,TVNu-1948_D,21,0.189585586,0.369837838,0.512618143,51.26181428
63,T22A,TVNu-1948,A,TVNu-1948_A,21.25,0.180324324,0.297117117,0.606913281,60.69132808
451,T22B,TVNu-1948,B,TVNu-1948_B,21.25,0.20781982,0.403531532,0.515002679,51.5002679
448,T22C,TVNu-1948,C,TVNu-1948_C,21.25,0.257765766,0.447963964,0.575416298,57.5416298
32,T22D,TVNu-1948,D,TVNu-1948_D,21.25,0.18381982,0.353657658,0.519767679,51.97676788
70,T23A,TVNu-1948,A,TVNu-1948_A,21.5,0.192288288,0.304144144,0.632227488,63.22274882
329,T23B,TVNu-1948,B,TVNu-1948_B,21.5,0.181333333,0.311855856,0.581465218,58.14652184
466,T23C,TVNu-1948,C,TVNu-1948_C,21.5,0.254054054,0.428900901,0.592337422,59.23374223
293,T23D,TVNu-1948,D,TVNu-1948_D,21.5,0.222054054,0.389801802,0.56965887,56.96588703
420,T24A,TVNu-1948,A,TVNu-1948_A,22,0.241477477,0.364144144,0.663137061,66.31370609
354,T24B,TVNu-1948,B,TVNu-1948_B,22,0.220504505,0.361297297,0.610313186,61.03131857
174,T24C,TVNu-1948,C,TVNu-1948_C,22,0.22972973,0.35409009,0.648788927,64.87889273
299,T24D,TVNu-1948,D,TVNu-1948_D,22,0.204432432,0.34990991,0.584243048,58.42430484
434,T25C,TVNu-1948,C,TVNu-1948_C,24,0.291351351,0.425297297,0.685053381,68.50533808
434,T25C,TVNu-1948,C,TVNu-1948_C,24,0.291351351,0.425297297,0.685053381,68.50533808
20,T25D,TVNu-1948,D,TVNu-1948_D,24,0.212324324,0.344396396,0.616511458,61.65114576
360,T26A,TVNu-1948,A,TVNu-1948_A,26,0.203711712,0.321513514,0.633602331,63.36023313
326,T26B,TVNu-1948,B,TVNu-1948_B,26,0.19636036,0.340252252,0.577102309,57.71023088
342,T26D,TVNu-1948,D,TVNu-1948_D,26,0.265837838,0.407603604,0.652196976,65.21969764
315,T27B,TVNu-1948,B,TVNu-1948_B,28,0.190954955,0.298414414,0.639898563,63.9898563
10,T27D,TVNu-1948,D,TVNu-1948_D,28,0.248972973,0.363171171,0.685552689,68.5552689
60,T27A,TVNu-1948,A,TVNu-1948_A,28.5,0.193081081,0.29027027,0.665176909,66.51769088
390,T28A,TVNu-1948,A,TVNu-1948_A,30,0.272828829,0.384468468,0.709626019,70.96260193
341,T28B,TVNu-1948,B,TVNu-1948_B,30,0.245765766,0.402234234,0.611001613,61.10016126
247,T28D,TVNu-1948,D,TVNu-1948_D,30,0.247387387,0.36245045,0.682541261,68.25412607
450,T29A,TVNu-1948,A,TVNu-1948_A,32,0.202162162,0.333009009,0.607077156,60.70771562
367,T29B,TVNu-1948,B,TVNu-1948_B,32,0.213153153,0.343603604,0.620346093,62.03460933
399,T29C,TVNu-1948,C,TVNu-1948_C,32,0.308540541,0.477009009,0.646823298,64.68232983
23,T29D,TVNu-1948,D,TVNu-1948_D,32,0.245081081,0.354388674,0.691560139,69.15601395
334,T30A,TVNu-1948,A,TVNu-1948_A,34,0.184864865,0.279495495,0.661423414,66.14234141
352,T30B,TVNu-1948,B,TVNu-1948_B,34,0.216144144,0.355027027,0.608810394,60.88103938
6,T30D,TVNu-1948,D,TVNu-1948_D,34.25,0.273081081,0.414846847,0.658269632,65.82696317
58,T31A,TVNu-1948,A,TVNu-1948_A,36,0.214342342,0.299171171,0.716453867,71.64538665
394,T31B,TVNu-1948,B,TVNu-1948_B,36,0.265837838,0.439171171,0.605317141,60.53171412
375,T31C,TVNu-1948,C,TVNu-1948_C,36,0.342702703,0.471387387,0.727008638,72.70086385
184,T31D,TVNu-1948,D,TVNu-1948_D,36,0.250594595,0.359207207,0.697632424,69.76324238
384,T32A,TVNu-1948,A,TVNu-1948_A,39,0.267963964,0.412216216,0.650056823,65.00568231
234,T32B,TVNu-1948,B,TVNu-1948_B,39,0.21045045,0.308396396,0.68240243,68.24024305
442,T32C,TVNu-1948,C,TVNu-1948_C,39,0.336576577,0.462342342,0.727981294,72.79812938
273,T32D,TVNu-1948,D,TVNu-1948_D,39,0.258882883,0.351459459,0.736593869,73.65938686
169,N1A,V. adenantha,A,V. adenantha_A,-4,0.334594595,0.413117117,0.809926727,80.99267271
340,N3A,V. adenantha,A,V. adenantha_A,0.25,0.261441441,0.393621622,0.664194818,66.41948183
522,N4A,V. adenantha,A,V. adenantha_A,0.5,0.251675676,0.382702703,0.657627119,65.76271186
494,N5A,V. adenantha,A,V. adenantha_A,0.75,0.290234234,0.416828829,0.696291173,69.62911732
505,N6A,V. adenantha,A,V. adenantha_A,1,0.213513514,0.366918919,0.581909252,58.19092516
496,N7A,V. adenantha,A,V. adenantha_A,1.25,0.266378378,0.418378378,0.636692506,63.66925065
511,N8A,V. adenantha,A,V. adenantha_A,1.5,0.243963964,0.417333333,0.584578188,58.45781884
500,N9A,V. adenantha,A,V. adenantha_A,2,0.211711712,0.379495495,0.557876745,55.78767448
513,N10A,V. adenantha,A,V. adenantha_A,4,0.261945946,0.42954955,0.609815436,60.98154362
491,N11A,V. adenantha,A,V. adenantha_A,6,0.241117117,0.406882883,0.592595873,59.25958728
218,N12A,V. adenantha,A,V. adenantha_A,8,0.260252252,0.44763964,0.58138786,58.13878602
526,N13A,V. adenantha,A,V. adenantha_A,10,0.244756757,0.403531532,0.606536882,60.65368816
498,N14A,V. adenantha,A,V. adenantha_A,12,0.246882883,0.43236036,0.571011835,57.10118353
523,N15A,V. adenantha,A,V. adenantha_A,14,0.262234234,0.38154955,0.687287495,68.72874953
76,N16A,V. adenantha,A,V. adenantha_A,16,0.188936937,0.294126126,0.642367067,64.23670669
520,N17A,V. adenantha,A,V. adenantha_A,19,0.212936937,0.361477477,0.589073871,58.9073871
84,N18A,V. adenantha,A,V. adenantha_A,20.25,0.209297297,0.312036036,0.670747199,67.07471994
151,N19A,V. adenantha,A,V. adenantha_A,20.5,0.302630631,0.460900901,0.656606724,65.6606724
349,N20A,V. adenantha,A,V. adenantha_A,20.75,0.233981982,0.355603604,0.657985407,65.79854074
490,N22A,V. adenantha,A,V. adenantha_A,21.25,0.270558559,0.40245045,0.672277937,67.2277937
489,N23A,V. adenantha,A,V. adenantha_A,21.5,0.29354955,0.430018018,0.682644767,68.26447666
495,N24A,V. adenantha,A,V. adenantha_A,22,0.279279279,0.41618018,0.671053771,67.10537709
531,N25A,V. adenantha,A,V. adenantha_A,24,0.291783784,0.395855856,0.73709604,73.70960401
356,N27A,V. adenantha,A,V. adenantha_A,28,0.273117117,0.36154955,0.755407156,75.54071564
524,N28A,V. adenantha,A,V. adenantha_A,30,0.345441441,0.466774775,0.740060218,74.00602177
37,N29A,V. adenantha,A,V. adenantha_A,32,0.242558559,0.310702703,0.780677337,78.0677337
208,N30A,V. adenantha,A,V. adenantha_A,34,0.404756757,0.469945946,0.861283644,86.12836439
516,N30A,V. adenantha,A,V. adenantha_A,34,0.269261261,0.353009009,0.76276031,76.27603103
519,N32A,V. adenantha,A,V. adenantha_A,39,0.299279279,0.394990991,0.757686342,75.76863425
90,N3B,V. adenantha,B,V. adenantha_B,0.25,0.190162162,0.306954955,0.619511622,61.95116224
163,N3B,V. adenantha,B,V. adenantha_B,0.25,0.542558559,0.627027027,0.865287356,86.52873563
515,N4B,V. adenantha,B,V. adenantha_B,0.5,0.285405405,0.406162162,0.702688315,70.26883151
529,N5B,V. adenantha,B,V. adenantha_B,0.75,0.232468468,0.395783784,0.587362287,58.73622872
103,N6B,V. adenantha,B,V. adenantha_B,1,0.180612613,0.299423423,0.603201348,60.32013479
512,N7B,V. adenantha,B,V. adenantha_B,1.25,0.241801802,0.361045045,0.669727518,66.97275177
492,N8B,V. adenantha,B,V. adenantha_B,1.5,0.212072072,0.365261261,0.580603788,58.06037885
518,N9B,V. adenantha,B,V. adenantha_B,2,0.237117117,0.39563964,0.599325986,59.9325986
528,N10B,V. adenantha,B,V. adenantha_B,4,0.251099099,0.390774775,0.642567318,64.25673183
114,N11B,V. adenantha,B,V. adenantha_B,6,0.201945946,0.309153153,0.653222986,65.32229864
525,N12B,V. adenantha,B,V. adenantha_B,8,0.248216216,0.417117117,0.595075594,59.5075594
504,N13B,V. adenantha,B,V. adenantha_B,10,0.238774775,0.398810811,0.598716906,59.87169061
527,N14B,V. adenantha,B,V. adenantha_B,12,0.227531532,0.36227027,0.628071223,62.80712225
45,N15B,V. adenantha,B,V. adenantha_B,14,0.203171171,0.342414414,0.593348769,59.33487687
38,N16B,V. adenantha,B,V. adenantha_B,16,0.206666667,0.337009009,0.61323781,61.32378101
51,N17B,V. adenantha,B,V. adenantha_B,19,0.205117117,0.300756757,0.682003355,68.20033549
499,N18B,V. adenantha,B,V. adenantha_B,20.25,0.267207207,0.433369369,0.616580742,61.65807417
320,N19B,V. adenantha,B,V. adenantha_B,20.5,0.273981982,0.46227027,0.59268787,59.26878703
59,N20B,V. adenantha,B,V. adenantha_B,20.75,0.20554955,0.317261261,0.647887324,64.78873239
506,N21B,V. adenantha,B,V. adenantha_B,21,0.285693694,0.410702703,0.695621655,69.56216548
517,N22B,V. adenantha,B,V. adenantha_B,21.25,0.298414414,0.428108108,0.697053872,69.70538721
89,N24B,V. adenantha,B,V. adenantha_B,22,0.252900901,0.333981982,0.757229176,75.72291757
497,N25B,V. adenantha,B,V. adenantha_B,24,0.294810811,0.408504505,0.721683133,72.16831334
514,N26B,V. adenantha,B,V. adenantha_B,26,0.347567568,0.449369369,0.773456295,77.34562951
238,N27B,V. adenantha,B,V. adenantha_B,28,0.281261261,0.339963964,0.827326691,82.73266907
507,N28B,V. adenantha,B,V. adenantha_B,30,0.342342342,0.450702703,0.759574638,75.95746382
53,N30B,V. adenantha,B,V. adenantha_B,34,0.250954955,0.316900901,0.791903571,79.19035706
521,N31B,V. adenantha,B,V. adenantha_B,36,0.312936937,0.413009009,0.757700026,75.77000262
362,N32B,V. adenantha,B,V. adenantha_B,39,0.294018018,0.365369369,0.804714469,80.47144689
214,N1C,V. adenantha,C,V. adenantha_C,-4,0.415207207,0.508324324,0.816815539,81.68155395
201,N2C,V. adenantha,C,V. adenantha_C,-1,0.366126126,0.408432432,0.896417858,89.64178578
501,N3C,V. adenantha,C,V. adenantha_C,0.25,0.247243243,0.345966538,0.714644962,71.46449616
162,N4C,V. adenantha,C,V. adenantha_C,0.5,0.192720721,0.254126126,0.758366421,75.83664209
143,N5C,V. adenantha,C,V. adenantha_C,0.75,0.429060489,0.52018018,0.824830521,82.48305211
508,N5C,V. adenantha,C,V. adenantha_C,0.75,0.233513514,0.354666667,0.658402764,65.84027637
337,N6C,V. adenantha,C,V. adenantha_C,1,0.444720721,0.529477477,0.839923773,83.99237732
281,N7C,V. adenantha,C,V. adenantha_C,1.25,0.437585586,0.549801802,0.795896965,79.58969653
176,N9C,V. adenantha,C,V. adenantha_C,2,0.156720721,0.237837838,0.658939394,65.89393939
211,N11C,V. adenantha,C,V. adenantha_C,6,0.159387387,0.277441441,0.574490194,57.44901935
164,N12C,V. adenantha,C,V. adenantha_C,8,0.18554955,0.305189189,0.607982052,60.79820522
190,N15C,V. adenantha,C,V. adenantha_C,14,0.182594595,0.302522523,0.603573556,60.35735557
212,N15C,V. adenantha,C,V. adenantha_C,14,0.34245045,0.524576577,0.65281308,65.28130796
192,N17C,V. adenantha,C,V. adenantha_C,19,0.281477477,0.479891892,0.586543516,58.65435158
187,N18C,V. adenantha,C,V. adenantha_C,20.25,0.350018018,0.516324324,0.677903406,67.79034059
159,N19C,V. adenantha,C,V. adenantha_C,20.5,0.346990991,0.508324324,0.682617326,68.2617326
140,N20C,V. adenantha,C,V. adenantha_C,20.75,0.34018018,0.513657658,0.66227024,66.22702399
370,N21C,V. adenantha,C,V. adenantha_C,21,0.363783784,0.531387387,0.684592432,68.45924318
179,N22C,V. adenantha,C,V. adenantha_C,21.25,0.209405405,0.277081081,0.755754975,75.57549746
191,N23C,V. adenantha,C,V. adenantha_C,21.5,0.289333333,0.395171171,0.732172169,73.21721685
188,N24C,V. adenantha,C,V. adenantha_C,22,0.181945946,0.247459459,0.73525557,73.52555701
502,N25C,V. adenantha,C,V. adenantha_C,24,0.28154955,0.390702703,0.720623501,72.06235012
170,N26C,V. adenantha,C,V. adenantha_C,26,0.433765766,0.501621622,0.864727011,86.47270115
503,N27C,V. adenantha,C,V. adenantha_C,29,0.250810811,0.343711712,0.729712728,72.9712728
206,N29C,V. adenantha,C,V. adenantha_C,32,0.230414414,0.261225225,0.882052697,88.20526969
488,N30C,V. adenantha,C,V. adenantha_C,34,0.27790991,0.360972973,0.769891185,76.9891185
530,N31C,V. adenantha,C,V. adenantha_C,36,0.253225225,0.324504505,0.780344253,78.03442532
158,N32C,V. adenantha,C,V. adenantha_C,39,0.223387387,0.267063063,0.836459317,83.64593172
294,N32C,V. adenantha,C,V. adenantha_C,39,0.416288288,0.487099099,0.854627506,85.46275061
161,N1D,V. adenantha,D,V. adenantha_D,-4,0.287063063,0.33163964,0.865587308,86.55873085
155,N3D,V. adenantha,D,V. adenantha_D,0.25,0.323783784,0.388396396,0.833642605,83.36426053
180,N4C,V. adenantha,D,V. adenantha_D,0.5,0.252288288,0.30036036,0.83995201,83.99520096
307,N5D,V. adenantha,D,V. adenantha_D,0.75,0.266702703,0.340468468,0.78334039,78.33403895
344,N6C,V. adenantha,D,V. adenantha_D,1,0.29981982,0.346162162,0.866125338,86.61253383
202,N7D,V. adenantha,D,V. adenantha_D,1.25,0.235711712,0.292108108,0.806933136,80.69331359
333,N9C,V. adenantha,D,V. adenantha_D,2,0.335207207,0.42836036,0.782535543,78.2535543
280,N12D,V. adenantha,D,V. adenantha_D,8,0.236792793,0.384756757,0.615435047,61.54350473
300,N14D,V. adenantha,D,V. adenantha_D,12,0.131099099,0.210486486,0.622838555,62.2838555
193,N15D,V. adenantha,D,V. adenantha_D,14,0.235927928,0.412468468,0.571990215,57.19902149
297,N18D,V. adenantha,D,V. adenantha_D,20.25,0.188612613,0.289081081,0.652455747,65.24557467
223,N24C,V. adenantha,D,V. adenantha_D,22,0.373981982,0.487531532,0.767092912,76.70929115
197,N31D,V. adenantha,D,V. adenantha_D,36,0.347387387,0.395531532,0.878279883,87.82798834
285,N32D,V. adenantha,D,V. adenantha_D,39,0.226846847,0.27581982,0.82244578,82.244578
219,N17D,V. adenantha,D,V. adenantha_D,19,0.220648649,0.392864865,0.561640066,56.1640066
149,N18D,V. adenantha,D,V. adenantha_D,20.25,0.226882883,0.371603604,0.610550815,61.05508146
26,N19D,V. adenantha,D,V. adenantha_D,20.5,0.092756757,0.150810811,0.615053763,61.50537634
3,N20D,V. adenantha,D,V. adenantha_D,20.75,0.118486486,0.21409009,0.553442181,55.34421815
31,N21D,V. adenantha,D,V. adenantha_D,21,0.161801802,0.245477477,0.659130945,65.91309454
19,N22D,V. adenantha,D,V. adenantha_D,21.25,0.191279279,0.283423423,0.674888748,67.48887476
35,N23D,V. adenantha,D,V. adenantha_D,21.5,0.192684685,0.292720721,0.65825434,65.82543395
301,N24D,V. adenantha,D,V. adenantha_D,22,0.111099099,0.186918919,0.594370542,59.43705417
8,N25D,V. adenantha,D,V. adenantha_D,24,0.191747748,0.245945946,0.7796337,77.96336996
7,N26D,V. adenantha,D,V. adenantha_D,26,0.166054054,0.231855856,0.716195213,71.61952129
34,N28D,V. adenantha,D,V. adenantha_D,30,0.15427027,0.208036036,0.741555517,74.15555171
22,N31D,V. adenantha,D,V. adenantha_D,36,0.200720721,0.259387387,0.773826063,77.38260628
178,N32D,V. adenantha,D,V. adenantha_D,39,0.336936937,0.38209009,0.881825898,88.18258983
259,E1B,IT82E-16,B,IT82E-16_B,-4,0.245045045,0.338882883,0.723096555,72.30965547
397,E1D,IT82E-16,D,IT82E-16_D,-4,0.368828829,0.542918919,0.679344219,67.93442188
93,E2B,IT82E-16,B,IT82E-16_B,-1,0.237693694,0.368288288,0.645401174,64.54011742
459,E2C,IT82E-16,C,IT82E-16_C,-1,0.384720721,0.583567568,0.659256515,65.92565148
421,E2D,IT82E-16,D,IT82E-16_D,-1,0.340252252,0.506702703,0.671502738,67.15027381
291,E3B,IT82E-16,B,IT82E-16_B,0.25,0.251351351,0.400324324,0.627869295,62.78692952
467,E3C,IT82E-16,C,IT82E-16_C,0.25,0.423531532,0.579567568,0.730771622,73.07716222
383,E3D,IT82E-16,D,IT82E-16_D,0.25,0.33581982,0.526558559,0.637763482,63.77634821
166,E4B,IT82E-16,B,IT82E-16_B,0.5,0.231891892,0.336432432,0.689267352,68.92673522
426,E4C,IT82E-16,C,IT82E-16_C,0.5,0.376756757,0.53845045,0.699705528,69.9705528
422,E4D,IT82E-16,D,IT82E-16_D,0.5,0.313981982,0.484252252,0.648385176,64.83851764
105,E5B,IT82E-16,B,IT82E-16_B,0.75,0.219416216,0.343459459,0.638841675,63.88416745
424,E5C,IT82E-16,C,IT82E-16_C,0.75,0.385081081,0.562702703,0.684341979,68.43419789
419,E5D,IT82E-16,D,IT82E-16_D,0.75,0.349981982,0.525369369,0.66616366,66.61636601
253,E6B,IT82E-16,B,IT82E-16_B,1,0.222810811,0.333765766,0.6675664,66.75664003
389,E6C,IT82E-16,C,IT82E-16_C,1,0.339783784,0.567063063,0.599199288,59.91992883
403,E6D,IT82E-16,D,IT82E-16_D,1,0.385657658,0.532396396,0.724380669,72.43806687
245,E7B,IT82E-16,B,IT82E-16_B,1.25,0.234558559,0.359675676,0.652139064,65.21390642
444,E7C,IT82E-16,C,IT82E-16_C,1.25,0.373477477,0.624468468,0.598072595,59.80725951
387,E7D,IT82E-16,D,IT82E-16_D,1.25,0.294918919,0.502018018,0.587466801,58.74668007
181,E8B,IT82E-16,B,IT82E-16_B,1.5,0.206162162,0.319963964,0.644329316,64.43293164
445,E8C,IT82E-16,C,IT82E-16_C,1.5,0.316504505,0.559387387,0.565805579,56.58055788
413,E8D,IT82E-16,D,IT82E-16_D,1.5,0.340072072,0.517873874,0.656669682,65.6669682
120,E9B,IT82E-16,B,IT82E-16_B,2,0.234846847,0.330198198,0.711229947,71.12299465
380,E9C,IT82E-16,C,IT82E-16_C,2,0.314594595,0.57427027,0.547816265,54.78162651
428,E9D,IT82E-16,D,IT82E-16_D,2,0.310774775,0.531531532,0.584677966,58.46779661
249,E10B,IT82E-16,B,IT82E-16_B,4,0.222810811,0.34954955,0.63742268,63.74226804
486,E10C,IT82E-16,C,IT82E-16_C,4,0.327963964,0.584612613,0.560993651,56.0993651
414,E10D,IT82E-16,D,IT82E-16_D,4,0.29563964,0.521081081,0.56735823,56.73582296
138,E11B,IT82E-16,B,IT82E-16_B,6,0.196540541,0.343927928,0.571458508,57.1458508
423,E11C,IT82E-16,C,IT82E-16_C,6,0.292504505,0.555747748,0.526326028,52.63260278
388,E11D,IT82E-16,D,IT82E-16_D,6,0.297333333,0.552468468,0.538190594,53.81905942
168,E12B,IT82E-16,B,IT82E-16_B,8,0.212792793,0.368468468,0.577506112,57.75061125
391,E12C,IT82E-16,C,IT82E-16_C,8,0.286018018,0.58763964,0.486723493,48.6723493
416,E12D,IT82E-16,D,IT82E-16_D,8,0.281333333,0.513657658,0.547705907,54.77059071
382,E13D,IT82E-16,D,IT82E-16_D,10,0.268540541,0.497189189,0.540117417,54.01174168
325,E14B,IT82E-16,B,IT82E-16_B,12,0.211495495,0.359603604,0.588135084,58.81350837
470,E14C,IT82E-16,C,IT82E-16_C,12,0.300756757,0.603171171,0.498625881,49.86258812
481,E14D,IT82E-16,D,IT82E-16_D,12.25,0.28172973,0.535747748,0.525862649,52.58626488
141,E15B,IT82E-16,B,IT82E-16_B,14,0.202918919,0.340864865,0.595306058,59.53060577
427,E15C,IT82E-16,C,IT82E-16_C,14,0.297981982,0.590126126,0.504946263,50.49462628
395,E15D,IT82E-16,D,IT82E-16_D,14,0.268396396,0.50554955,0.530900278,53.0900278
408,E16C,IT82E-16,C,IT82E-16_C,16,0.262882883,0.586918919,0.447903236,44.79032357
462,E16D,IT82E-16,D,IT82E-16_D,16,0.26363964,0.507675676,0.519307212,51.93072118
308,E17B,IT82E-16,B,IT82E-16_B,19,0.211423423,0.358162162,0.590300835,59.03008351
475,E17C,IT82E-16,C,IT82E-16_C,19,0.301477477,0.588468468,0.512308634,51.23086344
482,E17D,IT82E-16,D,IT82E-16_D,19,0.283963964,0.526774775,0.539061431,53.90614311
129,E18B,IT82E-16,B,IT82E-16_B,20.25,0.230666667,0.392756757,0.587301587,58.73015873
452,E18C,IT82E-16,C,IT82E-16_C,20.25,0.29045045,0.55581982,0.522562241,52.25622407
378,E18D,IT82E-16,D,IT82E-16_D,20.25,0.292612613,0.532972973,0.549019608,54.90196078
136,E19B,IT82E-16,B,IT82E-16_B,20.5,0.198306306,0.361657658,0.548326026,54.83260263
406,E19C,IT82E-16,C,IT82E-16_C,20.5,0.32954955,0.619387387,0.532057249,53.20572492
405,E19D,IT82E-16,D,IT82E-16_D,20.5,0.317981982,0.548504505,0.579725379,57.97253794
270,E20B,IT82E-16,B,IT82E-16_B,20.75,0.215711712,0.337643243,0.638874658,63.88746585
485,E20C,IT82E-16,C,IT82E-16_C,20.75,0.340504505,0.59618018,0.571143617,57.1143617
457,E20D,IT82E-16,D,IT82E-16_D,20.75,0.302126126,0.53772973,0.561854979,56.18549792
303,E21B,IT82E-16,B,IT82E-16_B,21,0.205117117,0.351459459,0.583615298,58.36152979
415,E21C,IT82E-16,C,IT82E-16_C,21,0.369081081,0.637693694,0.578774864,57.87748644
446,E21D,IT82E-16,D,IT82E-16_D,21,0.308972973,0.510054054,0.605765155,60.57651547
263,E22B,IT82E-16,B,IT82E-16_B,21.25,0.212576577,0.298666667,0.711751931,71.17519305
381,E22C,IT82E-16,C,IT82E-16_C,21.25,0.373837838,0.623495495,0.599583863,59.95838631
407,E22D,IT82E-16,D,IT82E-16_D,21.25,0.331747748,0.552396396,0.600561028,60.05610281
290,E23B,IT82E-16,B,IT82E-16_B,21.5,0.244828829,0.395675676,0.618761384,61.87613843
393,E23C,IT82E-16,C,IT82E-16_C,21.5,0.349477477,0.62781982,0.556652508,55.66525083
437,E23D,IT82E-16,D,IT82E-16_D,21.5,0.278198198,0.46572973,0.597338285,59.73382854
111,E24B,IT82E-16,B,IT82E-16_B,22,0.224252252,0.363351351,0.617177427,61.71774274
425,E24C,IT82E-16,C,IT82E-16_C,22,0.392900901,0.601657658,0.653030666,65.3030666
478,E24D,IT82E-16,D,IT82E-16_D,22,0.325369369,0.554702703,0.586565322,58.65653219
100,E25B,IT82E-16,B,IT82E-16_B,24,0.250198198,0.352324324,0.710136034,71.01360335
484,E25C,IT82E-16,C,IT82E-16_C,24,0.430702703,0.619603604,0.695126207,69.51262068
474,E25D,IT82E-16,D,IT82E-16_D,24,0.342522523,0.507891892,0.674400454,67.44004541
119,E26B,IT82E-16,B,IT82E-16_B,26,0.247027027,0.334882883,0.737651996,73.76519961
458,E26C,IT82E-16,C,IT82E-16_C,26,0.411783784,0.587675676,0.700699043,70.06990434
469,E26D,IT82E-16,D,IT82E-16_D,26,0.326702703,0.506702703,0.644762108,64.4762108
287,E27B,IT82E-16,B,IT82E-16_B,28,0.267783784,0.399315315,0.670607346,67.06073459
431,E27D,IT82E-16,D,IT82E-16_D,28,0.330306306,0.457765766,0.721561836,72.15618358
121,E28B,IT82E-16,B,IT82E-16_B,30,0.245693694,0.356504505,0.689174164,68.91741635
430,E28C,IT82E-16,C,IT82E-16_C,30,0.390198198,0.540864865,0.721433806,72.14338064
461,E28D,IT82E-16,D,IT82E-16_D,30,0.357765766,0.520612613,0.687201495,68.72014951
132,E29B,IT82E-16,B,IT82E-16_B,32,0.244252252,0.368936937,0.662043368,66.20433678
410,E29C,IT82E-16,C,IT82E-16_C,32,0.47827027,0.598594595,0.798988622,79.8988622
471,E29D,IT82E-16,D,IT82E-16_D,32,0.352468468,0.492396396,0.7158226,71.58225995
402,E30C,IT82E-16,C,IT82E-16_C,34,0.47636036,0.624288288,0.763045486,76.3045486
398,E30D,IT82E-16,D,IT82E-16_D,34,0.368324324,0.509189189,0.723354565,72.33545648
108,E31B,IT82E-16,B,IT82E-16_B,36,0.262702703,0.354954955,0.740101523,74.01015228
449,E31C,IT82E-16,C,IT82E-16_C,36,0.438702703,0.586018018,0.748616406,74.86164063
401,E31D,IT82E-16,D,IT82E-16_D,36,0.379243243,0.506162162,0.749252456,74.92524562
133,E32B,IT82E-16,B,IT82E-16_B,39,0.256072072,0.349945946,0.731747503,73.17475028
412,E32C,IT82E-16,C,IT82E-16_C,39,0.396324324,0.593585586,0.667678485,66.76784847
465,E32D,IT82E-16,D,IT82E-16_D,39,0.305693694,0.464216216,0.658515758,65.85157584
