"Genotype","Replicate.ST","TimePoint.s","Extract","SampleID","Plant","Replicate","TimePoint","Vi_umol_min_mL","Vt3_umol_min_mL","ActS_ratio","ActivationState"
"IT82E-16","IT82E-16_B","-240",259,"E1B","E","B",-4,0.245045045045045,0.338882882882883,0.723096554657592,72.3096554657592
"IT82E-16","IT82E-16_B","-60",93,"E2B","E","B",-1,0.237693693693694,0.368288288288288,0.645401174168297,64.5401174168297
"IT82E-16","IT82E-16_B","1140",308,"E17B","E","B",19,0.211423423423423,0.358162162162162,0.590300835094074,59.0300835094074
"IT82E-16","IT82E-16_B","120",120,"E9B","E","B",2,0.234846846846847,0.330198198198198,0.711229946524064,71.1229946524064
"IT82E-16","IT82E-16_B","1215",129,"E18B","E","B",20.25,0.230666666666667,0.392756756756757,0.587301587301587,58.7301587301587
"IT82E-16","IT82E-16_B","1230",136,"E19B","E","B",20.5,0.198306306306306,0.361657657657658,0.548326026305301,54.8326026305301
"IT82E-16","IT82E-16_B","1245",270,"E20B","E","B",20.75,0.215711711711712,0.337643243243243,0.638874658469945,63.8874658469945
"IT82E-16","IT82E-16_B","1260",303,"E21B","E","B",21,0.205117117117117,0.35145945945946,0.58361529785707,58.361529785707
"IT82E-16","IT82E-16_B","1261.8",NA,NA,NA,NA,NA,NA,NA,NA,NA
"IT82E-16","IT82E-16_B","1275",263,"E22B","E","B",21.25,0.212576576576577,0.298666666666667,0.711751930501931,71.1751930501931
"IT82E-16","IT82E-16_B","1290",290,"E23B","E","B",21.5,0.244828828828829,0.395675675675676,0.618761384335155,61.8761384335155
"IT82E-16","IT82E-16_B","1320",111,"E24B","E","B",22,0.224252252252252,0.363351351351351,0.61717742735297,61.717742735297
"IT82E-16","IT82E-16_B","1440",100,"E25B","E","B",24,0.250198198198198,0.352324324324324,0.710136033548123,71.0136033548123
"IT82E-16","IT82E-16_B","15",291,"E3B","E","B",0.25,0.251351351351351,0.400324324324324,0.627869295166081,62.7869295166081
"IT82E-16","IT82E-16_B","1560",119,"E26B","E","B",26,0.247027027027027,0.334882882882883,0.737651996126117,73.7651996126117
"IT82E-16","IT82E-16_B","1680",287,"E27B","E","B",28,0.267783783783784,0.399315315315315,0.670607345907409,67.0607345907409
"IT82E-16","IT82E-16_B","1710",NA,NA,NA,NA,NA,NA,NA,NA,NA
"IT82E-16","IT82E-16_B","1740",NA,NA,NA,NA,NA,NA,NA,NA,NA
"IT82E-16","IT82E-16_B","1800",121,"E28B","E","B",30,0.245693693693694,0.356504504504504,0.689174163549985,68.9174163549985
"IT82E-16","IT82E-16_B","1920",132,"E29B","E","B",32,0.244252252252252,0.368936936936937,0.662043367845282,66.2043367845282
"IT82E-16","IT82E-16_B","2040",NA,NA,NA,NA,NA,NA,NA,NA,NA
"IT82E-16","IT82E-16_B","2055",NA,NA,NA,NA,NA,NA,NA,NA,NA
"IT82E-16","IT82E-16_B","2160",108,"E31B","E","B",36,0.262702702702703,0.354954954954955,0.740101522842639,74.0101522842639
"IT82E-16","IT82E-16_B","2340",133,"E32B","E","B",39,0.256072072072072,0.349945945945946,0.73174750283184,73.174750283184
"IT82E-16","IT82E-16_B","240",249,"E10B","E","B",4,0.222810810810811,0.34954954954955,0.637422680412371,63.7422680412371
"IT82E-16","IT82E-16_B","30",166,"E4B","E","B",0.5,0.231891891891892,0.336432432432432,0.68926735218509,68.926735218509
"IT82E-16","IT82E-16_B","360",138,"E11B","E","B",6,0.196540540540541,0.343927927927928,0.571458507963118,57.1458507963118
"IT82E-16","IT82E-16_B","390",NA,NA,NA,NA,NA,NA,NA,NA,NA
"IT82E-16","IT82E-16_B","45",105,"E5B","E","B",0.75,0.219416216216216,0.343459459459459,0.638841674535726,63.8841674535726
"IT82E-16","IT82E-16_B","46.8",NA,NA,NA,NA,NA,NA,NA,NA,NA
"IT82E-16","IT82E-16_B","480",168,"E12B","E","B",8,0.212792792792793,0.368468468468468,0.577506112469438,57.7506112469438
"IT82E-16","IT82E-16_B","60",253,"E6B","E","B",1,0.222810810810811,0.333765765765766,0.667566400345498,66.7566400345498
"IT82E-16","IT82E-16_B","600",NA,NA,NA,NA,NA,NA,NA,NA,NA
"IT82E-16","IT82E-16_B","720",325,"E14B","E","B",12,0.211495495495495,0.359603603603604,0.588135083675719,58.8135083675719
"IT82E-16","IT82E-16_B","735",NA,NA,NA,NA,NA,NA,NA,NA,NA
"IT82E-16","IT82E-16_B","75",245,"E7B","E","B",1.25,0.234558558558559,0.359675675675676,0.652139064222022,65.2139064222022
"IT82E-16","IT82E-16_B","840",141,"E15B","E","B",14,0.202918918918919,0.340864864864865,0.595306057722804,59.5306057722804
"IT82E-16","IT82E-16_B","90",181,"E8B","E","B",1.5,0.206162162162162,0.319963963963964,0.644329316364456,64.4329316364456
"IT82E-16","IT82E-16_B","91.2",NA,NA,NA,NA,NA,NA,NA,NA,NA
"IT82E-16","IT82E-16_B","960",NA,NA,NA,NA,NA,NA,NA,NA,NA
"IT82E-16","IT82E-16_C","-240",NA,NA,NA,NA,NA,NA,NA,NA,NA
"IT82E-16","IT82E-16_C","-60",459,"E2C","E","C",-1,0.384720720720721,0.583567567567568,0.659256514758553,65.9256514758552
"IT82E-16","IT82E-16_C","1140",475,"E17C","E","C",19,0.301477477477477,0.588468468468468,0.512308634415187,51.2308634415187
"IT82E-16","IT82E-16_C","120",380,"E9C","E","C",2,0.314594594594595,0.57427027027027,0.547816265060241,54.7816265060241
"IT82E-16","IT82E-16_C","1215",452,"E18C","E","C",20.25,0.29045045045045,0.55581981981982,0.5225622406639,52.25622406639
"IT82E-16","IT82E-16_C","1230",406,"E19C","E","C",20.5,0.32954954954955,0.619387387387387,0.532057249243658,53.2057249243658
"IT82E-16","IT82E-16_C","1245",485,"E20C","E","C",20.75,0.340504504504504,0.59618018018018,0.571143617021277,57.1143617021277
"IT82E-16","IT82E-16_C","1260",415,"E21C","E","C",21,0.369081081081081,0.637693693693694,0.57877486437613,57.877486437613
"IT82E-16","IT82E-16_C","1261.8",NA,NA,NA,NA,NA,NA,NA,NA,NA
"IT82E-16","IT82E-16_C","1275",381,"E22C","E","C",21.25,0.373837837837838,0.623495495495496,0.59958386313721,59.958386313721
"IT82E-16","IT82E-16_C","1290",393,"E23C","E","C",21.5,0.349477477477477,0.62781981981982,0.55665250832281,55.665250832281
"IT82E-16","IT82E-16_C","1320",425,"E24C","E","C",22,0.392900900900901,0.601657657657658,0.653030666027791,65.3030666027791
"IT82E-16","IT82E-16_C","1440",484,"E25C","E","C",24,0.430702702702703,0.619603603603604,0.695126206816331,69.5126206816331
"IT82E-16","IT82E-16_C","15",467,"E3C","E","C",0.25,0.423531531531532,0.579567567567568,0.730771622209787,73.0771622209787
"IT82E-16","IT82E-16_C","1560",458,"E26C","E","C",26,0.411783783783784,0.587675675675676,0.700699043414275,70.0699043414275
"IT82E-16","IT82E-16_C","1680",NA,NA,NA,NA,NA,NA,NA,NA,NA
"IT82E-16","IT82E-16_C","1710",NA,NA,NA,NA,NA,NA,NA,NA,NA
"IT82E-16","IT82E-16_C","1740",NA,NA,NA,NA,NA,NA,NA,NA,NA
"IT82E-16","IT82E-16_C","1800",430,"E28C","E","C",30,0.390198198198198,0.540864864864865,0.721433806382837,72.1433806382837
"IT82E-16","IT82E-16_C","1920",410,"E29C","E","C",32,0.47827027027027,0.598594594594595,0.798988621997472,79.8988621997472
"IT82E-16","IT82E-16_C","2040",402,"E30C","E","C",34,0.47636036036036,0.624288288288288,0.76304548603094,76.304548603094
"IT82E-16","IT82E-16_C","2055",NA,NA,NA,NA,NA,NA,NA,NA,NA
"IT82E-16","IT82E-16_C","2160",449,"E31C","E","C",36,0.438702702702703,0.586018018018018,0.748616406346083,74.8616406346083
"IT82E-16","IT82E-16_C","2340",412,"E32C","E","C",39,0.396324324324324,0.593585585585586,0.667678484701311,66.7678484701311
"IT82E-16","IT82E-16_C","240",486,"E10C","E","C",4,0.327963963963964,0.584612612612613,0.560993650989336,56.0993650989336
"IT82E-16","IT82E-16_C","30",426,"E4C","E","C",0.5,0.376756756756757,0.53845045045045,0.699705528041761,69.9705528041762
"IT82E-16","IT82E-16_C","360",423,"E11C","E","C",6,0.292504504504504,0.555747747747748,0.526326027752561,52.6326027752561
"IT82E-16","IT82E-16_C","390",NA,NA,NA,NA,NA,NA,NA,NA,NA
"IT82E-16","IT82E-16_C","45",424,"E5C","E","C",0.75,0.385081081081081,0.562702702702703,0.684341978866475,68.4341978866475
"IT82E-16","IT82E-16_C","46.8",NA,NA,NA,NA,NA,NA,NA,NA,NA
"IT82E-16","IT82E-16_C","480",391,"E12C","E","C",8,0.286018018018018,0.58763963963964,0.486723492978475,48.6723492978475
"IT82E-16","IT82E-16_C","60",389,"E6C","E","C",1,0.339783783783784,0.567063063063063,0.599199288256228,59.9199288256228
"IT82E-16","IT82E-16_C","600",NA,NA,NA,NA,NA,NA,NA,NA,NA
"IT82E-16","IT82E-16_C","720",470,"E14C","E","C",12,0.300756756756757,0.603171171171171,0.498625881228343,49.8625881228343
"IT82E-16","IT82E-16_C","735",NA,NA,NA,NA,NA,NA,NA,NA,NA
"IT82E-16","IT82E-16_C","75",444,"E7C","E","C",1.25,0.373477477477478,0.624468468468468,0.598072595071845,59.8072595071845
"IT82E-16","IT82E-16_C","840",427,"E15C","E","C",14,0.297981981981982,0.590126126126126,0.504946262823644,50.4946262823644
"IT82E-16","IT82E-16_C","90",445,"E8C","E","C",1.5,0.316504504504505,0.559387387387387,0.565805578818527,56.5805578818527
"IT82E-16","IT82E-16_C","91.2",NA,NA,NA,NA,NA,NA,NA,NA,NA
"IT82E-16","IT82E-16_C","960",408,"E16C","E","C",16,0.262882882882883,0.586918918918919,0.447903235709462,44.7903235709461
"IT82E-16","IT82E-16_D","-240",397,"E1D","E","D",-4,0.368828828828829,0.542918918918919,0.679344218770742,67.9344218770742
"IT82E-16","IT82E-16_D","-60",421,"E2D","E","D",-1,0.340252252252252,0.506702702702703,0.671502738069839,67.1502738069839
"IT82E-16","IT82E-16_D","1140",482,"E17D","E","D",19,0.283963963963964,0.526774774774775,0.539061431112327,53.9061431112327
"IT82E-16","IT82E-16_D","120",428,"E9D","E","D",2,0.310774774774775,0.531531531531532,0.584677966101695,58.4677966101695
"IT82E-16","IT82E-16_D","1215",378,"E18D","E","D",20.25,0.292612612612613,0.532972972972973,0.549019607843137,54.9019607843137
"IT82E-16","IT82E-16_D","1230",405,"E19D","E","D",20.5,0.317981981981982,0.548504504504504,0.579725379410026,57.9725379410026
"IT82E-16","IT82E-16_D","1245",457,"E20D","E","D",20.75,0.302126126126126,0.53772972972973,0.561854979225305,56.1854979225305
"IT82E-16","IT82E-16_D","1260",446,"E21D","E","D",21,0.308972972972973,0.510054054054054,0.605765154726579,60.5765154726579
"IT82E-16","IT82E-16_D","1261.8",NA,NA,NA,NA,NA,NA,NA,NA,NA
"IT82E-16","IT82E-16_D","1275",407,"E22D","E","D",21.25,0.331747747747748,0.552396396396396,0.600561028116642,60.0561028116642
"IT82E-16","IT82E-16_D","1290",437,"E23D","E","D",21.5,0.278198198198198,0.46572972972973,0.597338285360569,59.7338285360569
"IT82E-16","IT82E-16_D","1320",478,"E24D","E","D",22,0.325369369369369,0.554702702702703,0.586565321899565,58.6565321899565
"IT82E-16","IT82E-16_D","1440",474,"E25D","E","D",24,0.342522522522523,0.507891891891892,0.674400454093941,67.4400454093941
"IT82E-16","IT82E-16_D","15",383,"E3D","E","D",0.25,0.33581981981982,0.526558558558559,0.637763482069532,63.7763482069532
"IT82E-16","IT82E-16_D","1560",469,"E26D","E","D",26,0.326702702702703,0.506702702702703,0.644762107958182,64.4762107958182
"IT82E-16","IT82E-16_D","1680",431,"E27D","E","D",28,0.330306306306306,0.457765765765766,0.721561835786822,72.1561835786822
"IT82E-16","IT82E-16_D","1710",NA,NA,NA,NA,NA,NA,NA,NA,NA
"IT82E-16","IT82E-16_D","1740",NA,NA,NA,NA,NA,NA,NA,NA,NA
"IT82E-16","IT82E-16_D","1800",461,"E28D","E","D",30,0.357765765765766,0.520612612612613,0.687201495120094,68.7201495120094
"IT82E-16","IT82E-16_D","1920",471,"E29D","E","D",32,0.352468468468468,0.492396396396396,0.715822599531616,71.5822599531616
"IT82E-16","IT82E-16_D","2040",398,"E30D","E","D",34,0.368324324324324,0.509189189189189,0.723354564755839,72.3354564755839
"IT82E-16","IT82E-16_D","2055",NA,NA,NA,NA,NA,NA,NA,NA,NA
"IT82E-16","IT82E-16_D","2160",401,"E31D","E","D",36,0.379243243243243,0.506162162162162,0.749252456215293,74.9252456215293
"IT82E-16","IT82E-16_D","2340",465,"E32D","E","D",39,0.305693693693694,0.464216216216216,0.658515758422605,65.8515758422605
"IT82E-16","IT82E-16_D","240",414,"E10D","E","D",4,0.29563963963964,0.521081081081081,0.567358229598893,56.7358229598893
"IT82E-16","IT82E-16_D","30",422,"E4D","E","D",0.5,0.313981981981982,0.484252252252252,0.648385176365531,64.8385176365531
"IT82E-16","IT82E-16_D","360",388,"E11D","E","D",6,0.297333333333333,0.552468468468468,0.53819059422086,53.819059422086
"IT82E-16","IT82E-16_D","390",NA,NA,NA,NA,NA,NA,NA,NA,NA
"IT82E-16","IT82E-16_D","45",419,"E5D","E","D",0.75,0.349981981981982,0.525369369369369,0.666163660058989,66.6163660058989
"IT82E-16","IT82E-16_D","46.8",NA,NA,NA,NA,NA,NA,NA,NA,NA
"IT82E-16","IT82E-16_D","480",416,"E12D","E","D",8,0.281333333333333,0.513657657657658,0.547705907113793,54.7705907113792
"IT82E-16","IT82E-16_D","60",403,"E6D","E","D",1,0.385657657657658,0.532396396396396,0.724380668742385,72.4380668742385
"IT82E-16","IT82E-16_D","600",382,"E13D","E","D",10,0.268540540540541,0.497189189189189,0.540117416829746,54.0117416829746
"IT82E-16","IT82E-16_D","720",NA,NA,NA,NA,NA,NA,NA,NA,NA
"IT82E-16","IT82E-16_D","735",481,"E14D","E","D",12.25,0.28172972972973,0.535747747747748,0.525862648819533,52.5862648819533
"IT82E-16","IT82E-16_D","75",387,"E7D","E","D",1.25,0.294918918918919,0.502018018018018,0.587466800660398,58.7466800660398
"IT82E-16","IT82E-16_D","840",395,"E15D","E","D",14,0.268396396396396,0.50554954954955,0.530900277995581,53.0900277995581
"IT82E-16","IT82E-16_D","90",413,"E8D","E","D",1.5,0.340072072072072,0.517873873873874,0.656669681998469,65.6669681998469
"IT82E-16","IT82E-16_D","91.2",NA,NA,NA,NA,NA,NA,NA,NA,NA
"IT82E-16","IT82E-16_D","960",462,"E16D","E","D",16,0.26363963963964,0.507675675675676,0.519307211811471,51.9307211811471
"IT86D-1010","IT86D-1010_A","-240",276,"D1A","D","A",-4,0.266774774774775,0.342738738738739,0.77836189675113,77.836189675113
"IT86D-1010","IT86D-1010_A","-60",346,"D2A","D","A",-1,0.302306306306306,0.377405405405405,0.801012126420319,80.1012126420319
"IT86D-1010","IT86D-1010_A","1140",335,"D17A","D","A",19,0.204216216216216,0.325261261261261,0.627852869488145,62.7852869488145
"IT86D-1010","IT86D-1010_A","120",43,"D9A","D","A",2,0.19754954954955,0.329369369369369,0.599781181619256,59.9781181619256
"IT86D-1010","IT86D-1010_A","1215",353,"D18A","D","A",20.25,0.238378378378378,0.381441441441441,0.624940954180444,62.4940954180444
"IT86D-1010","IT86D-1010_A","1230",215,"D19A","D","A",20.5,0.206846846846847,0.315459459459459,0.655700251313685,65.5700251313685
"IT86D-1010","IT86D-1010_A","1245",230,"D20A","D","A",20.75,0.184792792792793,0.267063063063063,0.691944406962623,69.1944406962623
"IT86D-1010","IT86D-1010_A","1260",472,"D21A","D","A",21,0.248504504504505,0.374666666666667,0.663268250456863,66.3268250456862
"IT86D-1010","IT86D-1010_A","1261.8",NA,NA,NA,NA,NA,NA,NA,NA,NA
"IT86D-1010","IT86D-1010_A","1275",319,"D22A","D","A",21.25,0.168288288288288,0.28381981981982,0.592940578974098,59.2940578974098
"IT86D-1010","IT86D-1010_A","1290",339,"D23A","D","A",21.5,0.279315315315315,0.357945945945946,0.78032819893285,78.032819893285
"IT86D-1010","IT86D-1010_A","1320",368,"D24A","D","A",22,0.267171171171171,0.353369369369369,0.756067713644707,75.6067713644707
"IT86D-1010","IT86D-1010_A","1440",271,"D25A","D","A",24,0.245513513513514,0.327531531531532,0.749587413356805,74.9587413356805
"IT86D-1010","IT86D-1010_A","15",235,"D3A","D","A",0.25,0.248432432432432,0.308864864864865,0.80434021701085,80.434021701085
"IT86D-1010","IT86D-1010_A","1560",317,"D26A","D","A",26,0.264216216216216,0.339027027027027,0.779336734693878,77.9336734693878
"IT86D-1010","IT86D-1010_A","1680",232,"D27A","D","A",28,0.23845045045045,0.294558558558559,0.809517983851236,80.9517983851236
"IT86D-1010","IT86D-1010_A","1710",NA,NA,NA,NA,NA,NA,NA,NA,NA
"IT86D-1010","IT86D-1010_A","1740",NA,NA,NA,NA,NA,NA,NA,NA,NA
"IT86D-1010","IT86D-1010_A","1800",350,"D28A","D","A",30,0.296648648648649,0.357225225225225,0.830424694845153,83.0424694845153
"IT86D-1010","IT86D-1010_A","1920",364,"D29A","D","A",32,0.279711711711712,0.343927927927928,0.813285834031853,81.3285834031852
"IT86D-1010","IT86D-1010_A","2040",221,"D30A","D","A",34,0.252900900900901,0.314666666666667,0.803710490151168,80.3710490151168
"IT86D-1010","IT86D-1010_A","2055",NA,NA,NA,NA,NA,NA,NA,NA,NA
"IT86D-1010","IT86D-1010_A","2160",377,"D31A","D","A",36,0.318342342342342,0.412900900900901,0.77098970151859,77.098970151859
"IT86D-1010","IT86D-1010_A","2340",311,"D32A","D","A",39,0.26645045045045,0.352144144144144,0.75665165779779,75.665165779779
"IT86D-1010","IT86D-1010_A","240",309,"D10A","D","A",4,0.170630630630631,0.294882882882883,0.578638641085176,57.8638641085176
"IT86D-1010","IT86D-1010_A","30",295,"D4A","D","A",0.5,0.248684684684685,0.334954954954955,0.742442173211404,74.2442173211404
"IT86D-1010","IT86D-1010_A","360",283,"D11A","D","A",6,0.176756756756757,0.290522522522523,0.608409823865046,60.8409823865046
"IT86D-1010","IT86D-1010_A","390",NA,NA,NA,NA,NA,NA,NA,NA,NA
"IT86D-1010","IT86D-1010_A","45",NA,NA,NA,NA,NA,NA,NA,NA,NA
"IT86D-1010","IT86D-1010_A","46.8",220,"D5A","D","A",0.78,0.212900900900901,0.300324324324324,0.708903287736981,70.8903287736981
"IT86D-1010","IT86D-1010_A","480",213,"D12A","D","A",8,0.173765765765766,0.294018018018018,0.591003799485231,59.1003799485231
"IT86D-1010","IT86D-1010_A","60",225,"D6A","D","A",1,0.227603603603604,0.320936936936937,0.709184819222996,70.9184819222996
"IT86D-1010","IT86D-1010_A","600",357,"D13A","D","A",10,0.215315315315315,0.348540540540541,0.617762613730356,61.7762613730356
"IT86D-1010","IT86D-1010_A","720",363,"D14A","D","A",12,0.216972972972973,0.380900900900901,0.569631031220435,56.9631031220435
"IT86D-1010","IT86D-1010_A","735",NA,NA,NA,NA,NA,NA,NA,NA,NA
"IT86D-1010","IT86D-1010_A","75",313,"D7A","D","A",1.25,0.20572972972973,0.322378378378378,0.638162307176392,63.8162307176392
"IT86D-1010","IT86D-1010_A","840",233,"D15A","D","A",14,0.172216216216216,0.297513513513514,0.578851744186047,57.8851744186047
"IT86D-1010","IT86D-1010_A","90",NA,NA,NA,NA,NA,NA,NA,NA,NA
"IT86D-1010","IT86D-1010_A","91.2",316,"D8A","D","A",1.52,0.196072072072072,0.31827027027027,0.616055253623188,61.6055253623188
"IT86D-1010","IT86D-1010_A","960",358,"D16A","D","A",16,0.221297297297297,0.355099099099099,0.623198701035113,62.3198701035113
"IT86D-1010","IT86D-1010_B","-240",NA,NA,NA,NA,NA,NA,NA,NA,NA
"IT86D-1010","IT86D-1010_B","-60",NA,NA,NA,NA,NA,NA,NA,NA,NA
"IT86D-1010","IT86D-1010_B","1140",480,"D17B","D","B",19,0.207099099099099,0.366702702702703,0.564760220125786,56.4760220125786
"IT86D-1010","IT86D-1010_B","120",327,"D9B","D","B",2,0.169477477477477,0.290738738738739,0.582920178482895,58.2920178482895
"IT86D-1010","IT86D-1010_B","1215",366,"D18B","D","B",20.25,0.215891891891892,0.341045045045045,0.633030431107354,63.3030431107354
"IT86D-1010","IT86D-1010_B","1230",323,"D19B","D","B",20.5,0.192792792792793,0.307747747747748,0.626463700234192,62.6463700234192
"IT86D-1010","IT86D-1010_B","1245",57,"D20B","D","B",20.75,0.196,0.29163963963964,0.672062276041023,67.2062276041023
"IT86D-1010","IT86D-1010_B","1260",231,"D21B","D","B",21,0.193081081081081,0.288900900900901,0.668329799176749,66.8329799176749
"IT86D-1010","IT86D-1010_B","1261.8",NA,NA,NA,NA,NA,NA,NA,NA,NA
"IT86D-1010","IT86D-1010_B","1275",343,"D22B","D","B",21.25,0.231099099099099,0.35163963963964,0.657204345152695,65.7204345152695
"IT86D-1010","IT86D-1010_B","1290",456,"D23B","D","B",21.5,0.250486486486486,0.384936936936937,0.650720838794233,65.0720838794233
"IT86D-1010","IT86D-1010_B","1320",52,"D24B","D","B",22,0.228,0.321693693693694,0.708748739778201,70.8748739778201
"IT86D-1010","IT86D-1010_B","1440",272,"D25B","D","B",24,0.24763963963964,0.325369369369369,0.761103112194041,76.1103112194042
"IT86D-1010","IT86D-1010_B","15",NA,NA,NA,NA,NA,NA,NA,NA,NA
"IT86D-1010","IT86D-1010_B","1560",298,"D26B","D","B",26,0.253153153153153,0.317297297297297,0.797842135150483,79.7842135150483
"IT86D-1010","IT86D-1010_B","1680",NA,NA,NA,NA,NA,NA,NA,NA,NA
"IT86D-1010","IT86D-1010_B","1710",NA,NA,NA,NA,NA,NA,NA,NA,NA
"IT86D-1010","IT86D-1010_B","1740",NA,NA,NA,NA,NA,NA,NA,NA,NA
"IT86D-1010","IT86D-1010_B","1800",50,"D28B","D","B",30,0.211279279279279,0.282342342342342,0.748308870453095,74.8308870453095
"IT86D-1010","IT86D-1010_B","1920",40,"D29B","D","B",32,0.248720720720721,0.314774774774775,0.790154550658271,79.0154550658271
"IT86D-1010","IT86D-1010_B","2040",348,"D30B","D","B",34,0.287711711711712,0.357009009009009,0.805894821843141,80.5894821843141
"IT86D-1010","IT86D-1010_B","2055",NA,NA,NA,NA,NA,NA,NA,NA,NA
"IT86D-1010","IT86D-1010_B","2160",330,"D31B","D","B",36,0.250198198198198,0.298666666666667,0.837717181467182,83.7717181467182
"IT86D-1010","IT86D-1010_B","2340",54,"D32B","D","B",39,0.255459459459459,0.315747747747748,0.809061858023282,80.9061858023283
"IT86D-1010","IT86D-1010_B","240",361,"D10B","D","B",4,0.181585585585586,0.31581981981982,0.574965769055226,57.4965769055226
"IT86D-1010","IT86D-1010_B","30",47,"D4B","D","B",0.5,0.196756756756757,0.296468468468468,0.663668408897532,66.3668408897532
"IT86D-1010","IT86D-1010_B","360",48,"D11B","D","B",6,0.173189189189189,0.306306306306306,0.565411764705882,56.5411764705882
"IT86D-1010","IT86D-1010_B","390",NA,NA,NA,NA,NA,NA,NA,NA,NA
"IT86D-1010","IT86D-1010_B","45",67,"D5B","D","B",0.75,0.173369369369369,0.315387387387387,0.549702925045704,54.9702925045704
"IT86D-1010","IT86D-1010_B","46.8",NA,NA,NA,NA,NA,NA,NA,NA,NA
"IT86D-1010","IT86D-1010_B","480",236,"D12B","D","B",8,0.157369369369369,0.263011583011583,0.598336269328636,59.8336269328636
"IT86D-1010","IT86D-1010_B","60",229,"D6B","D","B",1,0.183855855855856,0.280936936936937,0.654438173422268,65.4438173422268
"IT86D-1010","IT86D-1010_B","600",324,"D13B","D","B",10,0.171855855855856,0.281513513513514,0.610471070148489,61.0471070148489
"IT86D-1010","IT86D-1010_B","720",372,"D14B","D","B",12,0.194882882882883,0.351855855855856,0.553871364195002,55.3871364195002
"IT86D-1010","IT86D-1010_B","735",NA,NA,NA,NA,NA,NA,NA,NA,NA
"IT86D-1010","IT86D-1010_B","75",65,"D7B","D","B",1.25,0.150198198198198,0.277369369369369,0.541509679095752,54.1509679095752
"IT86D-1010","IT86D-1010_B","840",321,"D15B","D","B",14,0.141585585585586,0.28554954954955,0.495835436648157,49.5835436648157
"IT86D-1010","IT86D-1010_B","90",336,"D8B","D","B",1.5,0.176936936936937,0.292792792792793,0.604307692307692,60.4307692307692
"IT86D-1010","IT86D-1010_B","91.2",NA,NA,NA,NA,NA,NA,NA,NA,NA
"IT86D-1010","IT86D-1010_B","960",332,"D16B","D","B",16,0.166990990990991,0.280936936936937,0.59440738840431,59.440738840431
"IT86D-1010","IT86D-1010_C","-240",NA,NA,NA,NA,NA,NA,NA,NA,NA
"IT86D-1010","IT86D-1010_C","-60",NA,NA,NA,NA,NA,NA,NA,NA,NA
"IT86D-1010","IT86D-1010_C","1140",189,"D17C","D","C",19,0.149765765765766,0.229621621621622,0.652228499686127,65.2228499686127
"IT86D-1010","IT86D-1010_C","120",433,"D9C","D","C",2,0.171099099099099,0.299783783783784,0.570741675682173,57.0741675682173
"IT86D-1010","IT86D-1010_C","1215",83,"D18C","D","C",20.25,0.161297297297297,0.249009009009009,0.647756874095514,64.7756874095514
"IT86D-1010","IT86D-1010_C","1230",172,"D19C","D","C",20.5,0.165513513513514,0.252756756756757,0.654833190761334,65.4833190761334
"IT86D-1010","IT86D-1010_C","1245",288,"D20C","D","C",20.75,0.180288288288288,0.285945945945946,0.63049779458097,63.049779458097
"IT86D-1010","IT86D-1010_C","1260",81,"D21C","D","C",21,0.188252252252252,0.282882882882883,0.665477707006369,66.5477707006369
"IT86D-1010","IT86D-1010_C","1261.8",NA,NA,NA,NA,NA,NA,NA,NA,NA
"IT86D-1010","IT86D-1010_C","1275",113,"D22C","D","C",21.25,0.164936936936937,0.226990990990991,0.726623273535482,72.6623273535482
"IT86D-1010","IT86D-1010_C","1290",96,"D23C","D","C",21.5,0.195675675675676,0.295171171171171,0.662922720058601,66.2922720058601
"IT86D-1010","IT86D-1010_C","1320",279,"D24C","D","C",22,0.212288288288288,0.293477477477477,0.723354616895874,72.3354616895874
"IT86D-1010","IT86D-1010_C","1440",134,"D25C","D","C",24,0.199459459459459,0.254810810810811,0.782774713619007,78.2774713619007
"IT86D-1010","IT86D-1010_C","15",210,"D3C","D","C",0.25,0.188972972972973,0.256756756756757,0.736,73.6
"IT86D-1010","IT86D-1010_C","1560",NA,NA,NA,NA,NA,NA,NA,NA,NA
"IT86D-1010","IT86D-1010_C","1680",404,"D27C","D","C",28,0.246594594594595,0.322522522522523,0.764581005586592,76.4581005586592
"IT86D-1010","IT86D-1010_C","1710",NA,NA,NA,NA,NA,NA,NA,NA,NA
"IT86D-1010","IT86D-1010_C","1740",NA,NA,NA,NA,NA,NA,NA,NA,NA
"IT86D-1010","IT86D-1010_C","1800",165,"D28C","D","C",30,0.214558558558559,0.263747747747748,0.813499111900533,81.3499111900533
"IT86D-1010","IT86D-1010_C","1920",439,"D29C","D","C",32,0.237189189189189,0.320720720720721,0.739550561797753,73.9550561797753
"IT86D-1010","IT86D-1010_C","2040",198,"D30C","D","C",34,0.190594594594595,0.232756756756757,0.818857408267534,81.8857408267534
"IT86D-1010","IT86D-1010_C","2055",NA,NA,NA,NA,NA,NA,NA,NA,NA
"IT86D-1010","IT86D-1010_C","2160",302,"D31C","D","C",36,0.211387387387387,0.265405405405405,0.796469789545146,79.6469789545146
"IT86D-1010","IT86D-1010_C","2340",194,"D32C","D","C",39,0.186666666666667,0.230486486486487,0.809881175734834,80.9881175734834
"IT86D-1010","IT86D-1010_C","240",79,"D10C","D","C",4,0.13845045045045,0.224288288288288,0.617287917737789,61.7287917737789
"IT86D-1010","IT86D-1010_C","30",455,"D4C","D","C",0.5,0.163351351351351,0.271603603603604,0.601432930874353,60.1432930874353
"IT86D-1010","IT86D-1010_C","360",224,"D11C","D","C",6,0.141009009009009,0.258630630630631,0.545213877664762,54.5213877664762
"IT86D-1010","IT86D-1010_C","390",NA,NA,NA,NA,NA,NA,NA,NA,NA
"IT86D-1010","IT86D-1010_C","45",296,"D5C","D","C",0.75,0.160108108108108,0.252468468468468,0.634170710819298,63.4170710819298
"IT86D-1010","IT86D-1010_C","46.8",NA,NA,NA,NA,NA,NA,NA,NA,NA
"IT86D-1010","IT86D-1010_C","480",418,"D12C","D","C",8,0.192756756756757,0.322486486486486,0.597720415688904,59.7720415688904
"IT86D-1010","IT86D-1010_C","60",91,"D6C","D","C",1,0.151279279279279,0.248648648648649,0.608405797101449,60.8405797101449
"IT86D-1010","IT86D-1010_C","600",112,"D13C","D","C",10,0.156216216216216,0.255711711711712,0.610907553551296,61.0907553551296
"IT86D-1010","IT86D-1010_C","720",195,"D14C","D","C",12,0.161657657657658,0.273261261261261,0.591586443360148,59.1586443360148
"IT86D-1010","IT86D-1010_C","735",NA,NA,NA,NA,NA,NA,NA,NA,NA
"IT86D-1010","IT86D-1010_C","75",443,"D7C","D","C",1.25,0.194342342342342,0.338378378378378,0.57433439829606,57.433439829606
"IT86D-1010","IT86D-1010_C","840",207,"D15C","D","C",14,0.15027027027027,0.24418018018018,0.615407319952775,61.5407319952775
"IT86D-1010","IT86D-1010_C","90",338,"D8C","D","C",1.5,0.165708108108108,0.217297297297297,0.762587064676617,76.2587064676617
"IT86D-1010","IT86D-1010_C","91.2",NA,NA,NA,NA,NA,NA,NA,NA,NA
"IT86D-1010","IT86D-1010_C","960",72,"D16C","D","C",16,0.146630630630631,0.23790990990991,0.616328385337777,61.6328385337777
"IT86D-1010","IT86D-1010_D","-240",115,"D1D","D","D",-4,0.243155727155727,0.32245045045045,0.754087106456351,75.4087106456351
"IT86D-1010","IT86D-1010_D","-60",95,"D2D","D","D",-1,0.27636036036036,0.364828828828829,0.757506914263137,75.7506914263137
"IT86D-1010","IT86D-1010_D","1140",78,"D17D","D","D",19,0.17163963963964,0.308936936936937,0.555581476729266,55.5581476729266
"IT86D-1010","IT86D-1010_D","120",NA,NA,NA,NA,NA,NA,NA,NA,NA
"IT86D-1010","IT86D-1010_D","1215",87,"D18D","D","D",20.25,0.192432432432432,0.341333333333333,0.563766891891892,56.3766891891892
"IT86D-1010","IT86D-1010_D","1230",305,"D19D","D","D",20.5,0.224936936936937,0.344720720720721,0.652519339326782,65.2519339326782
"IT86D-1010","IT86D-1010_D","1245",94,"D20D","D","D",20.75,0.221045045045045,0.353333333333333,0.62559918408975,62.559918408975
"IT86D-1010","IT86D-1010_D","1260",NA,NA,NA,NA,NA,NA,NA,NA,NA
"IT86D-1010","IT86D-1010_D","1261.8",122,"D21D","D","D",21.03,0.18609009009009,0.320216216216216,0.581138870132793,58.1138870132793
"IT86D-1010","IT86D-1010_D","1275",264,"D22D","D","D",21.25,0.216108108108108,0.321441441441441,0.672309417040359,67.2309417040359
"IT86D-1010","IT86D-1010_D","1290",107,"D23D","D","D",21.5,0.235315315315315,0.340324324324324,0.69144430326133,69.144430326133
"IT86D-1010","IT86D-1010_D","1320",88,"D24D","D","D",22,0.253081081081081,0.339027027027027,0.746492346938776,74.6492346938776
"IT86D-1010","IT86D-1010_D","1440",109,"D25D","D","D",24,0.264252252252252,0.328108108108108,0.805381658429434,80.5381658429434
"IT86D-1010","IT86D-1010_D","15",260,"D3D","D","D",0.25,0.271027027027027,0.331423423423423,0.817766663042296,81.7766663042296
"IT86D-1010","IT86D-1010_D","1560",274,"D26D","D","D",26,0.295603603603604,0.359423423423423,0.822438339683176,82.2438339683176
"IT86D-1010","IT86D-1010_D","1680",92,"D27D","D","D",28,0.26154954954955,0.331891891891892,0.788056460369164,78.8056460369164
"IT86D-1010","IT86D-1010_D","1710",NA,NA,NA,NA,NA,NA,NA,NA,NA
"IT86D-1010","IT86D-1010_D","1740",NA,NA,NA,NA,NA,NA,NA,NA,NA
"IT86D-1010","IT86D-1010_D","1800",125,"D28D","D","D",30,0.28363963963964,0.366702702702703,0.773486635220126,77.3486635220126
"IT86D-1010","IT86D-1010_D","1920",101,"D29D","D","D",32,0.282486486486486,0.332612612612613,0.849295774647887,84.9295774647887
"IT86D-1010","IT86D-1010_D","2040",80,"D30D","D","D",34,0.283927927927928,0.343567567567568,0.826410740507657,82.6410740507657
"IT86D-1010","IT86D-1010_D","2055",NA,NA,NA,NA,NA,NA,NA,NA,NA
"IT86D-1010","IT86D-1010_D","2160",117,"D31D","D","D",36,0.269045045045045,0.329765765765766,0.815867118347721,81.5867118347721
"IT86D-1010","IT86D-1010_D","2340",268,"D32D","D","D",39,0.243603603603604,0.297873873873874,0.817807887732882,81.7807887732882
"IT86D-1010","IT86D-1010_D","240",130,"D10D","D","D",4,0.169945945945946,0.322162162162162,0.52751677852349,52.751677852349
"IT86D-1010","IT86D-1010_D","30",248,"D4D","D","D",0.5,0.244972972972973,0.342594594594595,0.715052066898075,71.5052066898075
"IT86D-1010","IT86D-1010_D","360",99,"D11D","D","D",6,0.183495495495495,0.333873873873874,0.549595250944414,54.9595250944414
"IT86D-1010","IT86D-1010_D","390",NA,NA,NA,NA,NA,NA,NA,NA,NA
"IT86D-1010","IT86D-1010_D","45",73,"D5D","D","D",0.75,0.230702702702703,0.345513513513514,0.667709637046308,66.7709637046308
"IT86D-1010","IT86D-1010_D","46.8",NA,NA,NA,NA,NA,NA,NA,NA,NA
"IT86D-1010","IT86D-1010_D","480",306,"D12D","D","D",8,0.168324324324324,0.31636036036036,0.532065155484679,53.2065155484679
"IT86D-1010","IT86D-1010_D","60",85,"D6D","D","D",1,0.230378378378378,0.355099099099099,0.648772072254922,64.8772072254922
"IT86D-1010","IT86D-1010_D","600",98,"D13D","D","D",10,0.170378378378378,0.292648648648649,0.582194311045438,58.2194311045438
"IT86D-1010","IT86D-1010_D","720",284,"D14D","D","D",12,0.185657657657658,0.362918918918919,0.511567868136233,51.1567868136233
"IT86D-1010","IT86D-1010_D","735",NA,NA,NA,NA,NA,NA,NA,NA,NA
"IT86D-1010","IT86D-1010_D","75",135,"D7D","D","D",1.25,0.222630630630631,0.36154954954955,0.615767965713147,61.5767965713147
"IT86D-1010","IT86D-1010_D","840",82,"D15D","D","D",14,0.165765765765766,0.323495495495495,0.512420630500167,51.2420630500167
"IT86D-1010","IT86D-1010_D","90",145,"D8D","D","D",1.5,0.18836036036036,0.303243243243243,0.621152703505645,62.1152703505645
"IT86D-1010","IT86D-1010_D","91.2",NA,NA,NA,NA,NA,NA,NA,NA,NA
"IT86D-1010","IT86D-1010_D","960",261,"D16D","D","D",16,0.173477477477477,0.315135135135135,0.550485991995426,55.0485991995426
"TVNu-1948","TVNu-1948_A","-240",36,"T1A","T","A",-4,0.144288288288288,0.277873873873874,0.51925820256776,51.925820256776
"TVNu-1948","TVNu-1948_A","-60",106,"T2A","T","A",-1,0.162126126126126,0.292612612612613,0.554064039408867,55.4064039408867
"TVNu-1948","TVNu-1948_A","1140",345,"T17A","T","A",19,0.174594594594595,0.317369369369369,0.550130577949358,55.0130577949358
"TVNu-1948","TVNu-1948_A","120",46,"T9A","T","A",2,0.150486486486486,0.27636036036036,0.544529925674795,54.4529925674795
"TVNu-1948","TVNu-1948_A","1215",42,"T18A","T","A",20.25,0.18190990990991,0.300756756756757,0.60484064222382,60.484064222382
"TVNu-1948","TVNu-1948_A","1230",74,"T19A","T","A",20.5,0.169477477477477,0.28645045045045,0.591646748018619,59.1646748018619
"TVNu-1948","TVNu-1948_A","1245",454,"T20A","T","A",20.75,0.207567567567568,0.349009009009009,0.594734124935467,59.4734124935467
"TVNu-1948","TVNu-1948_A","1260",44,"T21A","T","A",21,0.184252252252252,0.301836675385062,0.610436925920934,61.0436925920934
"TVNu-1948","TVNu-1948_A","1261.8",NA,NA,NA,NA,NA,NA,NA,NA,NA
"TVNu-1948","TVNu-1948_A","1275",63,"T22A","T","A",21.25,0.180324324324324,0.297117117117117,0.606913280776228,60.6913280776228
"TVNu-1948","TVNu-1948_A","1290",70,"T23A","T","A",21.5,0.192288288288288,0.304144144144144,0.632227488151659,63.2227488151659
"TVNu-1948","TVNu-1948_A","1320",420,"T24A","T","A",22,0.241477477477477,0.364144144144144,0.66313706086096,66.313706086096
"TVNu-1948","TVNu-1948_A","1440",NA,NA,NA,NA,NA,NA,NA,NA,NA
"TVNu-1948","TVNu-1948_A","15",41,"T3A","T","A",0.25,0.151495495495496,0.270954954954955,0.559116903843596,55.9116903843596
"TVNu-1948","TVNu-1948_A","1560",360,"T26A","T","A",26,0.203711711711712,0.321513513513514,0.633602331315848,63.3602331315848
"TVNu-1948","TVNu-1948_A","1680",NA,NA,NA,NA,NA,NA,NA,NA,NA
"TVNu-1948","TVNu-1948_A","1710",60,"T27A","T","A",28.5,0.193081081081081,0.29027027027027,0.665176908752328,66.5176908752328
"TVNu-1948","TVNu-1948_A","1740",NA,NA,NA,NA,NA,NA,NA,NA,NA
"TVNu-1948","TVNu-1948_A","1800",390,"T28A","T","A",30,0.272828828828829,0.384468468468468,0.709626019308276,70.9626019308276
"TVNu-1948","TVNu-1948_A","1920",450,"T29A","T","A",32,0.202162162162162,0.333009009009009,0.607077156151932,60.7077156151932
"TVNu-1948","TVNu-1948_A","2040",334,"T30A","T","A",34,0.184864864864865,0.279495495495496,0.661423414130995,66.1423414130995
"TVNu-1948","TVNu-1948_A","2055",NA,NA,NA,NA,NA,NA,NA,NA,NA
"TVNu-1948","TVNu-1948_A","2160",58,"T31A","T","A",36,0.214342342342342,0.299171171171171,0.716453866538183,71.6453866538183
"TVNu-1948","TVNu-1948_A","2340",384,"T32A","T","A",39,0.267963963963964,0.412216216216216,0.650056823148877,65.0056823148877
"TVNu-1948","TVNu-1948_A","240",39,"T10A","T","A",4,0.160432432432432,0.292252252252252,0.548951911220715,54.8951911220715
"TVNu-1948","TVNu-1948_A","30",351,"T4A","T","A",0.5,0.172684684684685,0.322522522522523,0.535418994413408,53.5418994413408
"TVNu-1948","TVNu-1948_A","360",56,"T11A","T","A",6,0.169189189189189,0.29827027027027,0.567234505255527,56.7234505255527
"TVNu-1948","TVNu-1948_A","390",NA,NA,NA,NA,NA,NA,NA,NA,NA
"TVNu-1948","TVNu-1948_A","45",55,"T5A","T","A",0.75,0.151855855855856,0.269657657657658,0.563143124415341,56.3143124415341
"TVNu-1948","TVNu-1948_A","46.8",NA,NA,NA,NA,NA,NA,NA,NA,NA
"TVNu-1948","TVNu-1948_A","480",237,"T12A","T","A",8,0.155207207207207,0.275423423423423,0.563522177155567,56.3522177155567
"TVNu-1948","TVNu-1948_A","60",NA,NA,NA,NA,NA,NA,NA,NA,NA
"TVNu-1948","TVNu-1948_A","600",77,"T13A","T","A",10,0.160756756756757,0.291207207207207,0.55203563915357,55.203563915357
"TVNu-1948","TVNu-1948_A","720",62,"T14A","T","A",12,0.158234234234234,0.30018018018018,0.527130852340936,52.7130852340936
"TVNu-1948","TVNu-1948_A","735",NA,NA,NA,NA,NA,NA,NA,NA,NA
"TVNu-1948","TVNu-1948_A","75",239,"T7A","T","A",1.25,0.155099099099099,0.299279279279279,0.518242022877784,51.8242022877784
"TVNu-1948","TVNu-1948_A","840",447,"T15A","T","A",14,0.194126126126126,0.362738738738739,0.535167891913372,53.5167891913372
"TVNu-1948","TVNu-1948_A","90",68,"T8A","T","A",1.5,0.154882882882883,0.292252252252252,0.529963008631319,52.9963008631319
"TVNu-1948","TVNu-1948_A","91.2",NA,NA,NA,NA,NA,NA,NA,NA,NA
"TVNu-1948","TVNu-1948_A","960",110,"T16A","T","A",16,0.140252252252252,0.242558558558559,0.578220175308275,57.8220175308275
"TVNu-1948","TVNu-1948_B","-240",374,"T1B","T","B",-4,0.198342342342342,0.363675675675676,0.545382481173206,54.5382481173206
"TVNu-1948","TVNu-1948_B","-60",228,"T2B","T","B",-1,0.209981981981982,0.328504504504505,0.639205792014041,63.9205792014041
"TVNu-1948","TVNu-1948_B","1140",328,"T17B","T","B",19,0.188108108108108,0.317225225225225,0.592979666022947,59.2979666022947
"TVNu-1948","TVNu-1948_B","120",312,"T9B","T","B",2,0.178846846846847,0.325477477477477,0.549490699734278,54.9490699734278
"TVNu-1948","TVNu-1948_B","1215",369,"T18B","T","B",20.25,0.212432432432432,0.352252252252252,0.60306905370844,60.306905370844
"TVNu-1948","TVNu-1948_B","1230",365,"T19B","T","B",20.5,0.210234234234234,0.343567567567568,0.611915250681771,61.1915250681771
"TVNu-1948","TVNu-1948_B","1245",NA,NA,NA,NA,NA,NA,NA,NA,NA
"TVNu-1948","TVNu-1948_B","1260",473,"T21B","T","B",21,0.220684684684685,0.392072072072072,0.562867647058824,56.2867647058824
"TVNu-1948","TVNu-1948_B","1261.8",NA,NA,NA,NA,NA,NA,NA,NA,NA
"TVNu-1948","TVNu-1948_B","1275",451,"T22B","T","B",21.25,0.20781981981982,0.403531531531532,0.51500267904983,51.500267904983
"TVNu-1948","TVNu-1948_B","1290",329,"T23B","T","B",21.5,0.181333333333333,0.311855855855856,0.581465218396117,58.1465218396117
"TVNu-1948","TVNu-1948_B","1320",354,"T24B","T","B",22,0.220504504504504,0.361297297297297,0.610313185717135,61.0313185717135
"TVNu-1948","TVNu-1948_B","1440",NA,NA,NA,NA,NA,NA,NA,NA,NA
"TVNu-1948","TVNu-1948_B","15",318,"T3B","T","B",0.25,0.188144144144144,0.326558558558559,0.576142131979696,57.6142131979696
"TVNu-1948","TVNu-1948_B","1560",326,"T26B","T","B",26,0.19636036036036,0.340252252252252,0.577102308832874,57.7102308832874
"TVNu-1948","TVNu-1948_B","1680",315,"T27B","T","B",28,0.190954954954955,0.298414414414414,0.639898562975486,63.9898562975486
"TVNu-1948","TVNu-1948_B","1710",NA,NA,NA,NA,NA,NA,NA,NA,NA
"TVNu-1948","TVNu-1948_B","1740",NA,NA,NA,NA,NA,NA,NA,NA,NA
"TVNu-1948","TVNu-1948_B","1800",341,"T28B","T","B",30,0.245765765765766,0.402234234234234,0.611001612614227,61.1001612614227
"TVNu-1948","TVNu-1948_B","1920",367,"T29B","T","B",32,0.213153153153153,0.343603603603604,0.620346093340325,62.0346093340325
"TVNu-1948","TVNu-1948_B","2040",352,"T30B","T","B",34,0.216144144144144,0.355027027027027,0.608810393828664,60.8810393828664
"TVNu-1948","TVNu-1948_B","2055",NA,NA,NA,NA,NA,NA,NA,NA,NA
"TVNu-1948","TVNu-1948_B","2160",394,"T31B","T","B",36,0.265837837837838,0.439171171171171,0.60531714121605,60.531714121605
"TVNu-1948","TVNu-1948_B","2340",234,"T32B","T","B",39,0.21045045045045,0.308396396396396,0.68240243047441,68.240243047441
"TVNu-1948","TVNu-1948_B","240",355,"T10B","T","B",4,0.190774774774775,0.339207207207207,0.562413683204079,56.2413683204079
"TVNu-1948","TVNu-1948_B","30",379,"T4B","T","B",0.5,0.196648648648649,0.394990990990991,0.4978560350333,49.78560350333
"TVNu-1948","TVNu-1948_B","360",NA,NA,NA,NA,NA,NA,NA,NA,NA
"TVNu-1948","TVNu-1948_B","390",347,"T11B","T","B",6.5,0.20245045045045,0.399387387387387,0.506902463231977,50.6902463231977
"TVNu-1948","TVNu-1948_B","45",NA,NA,NA,NA,NA,NA,NA,NA,NA
"TVNu-1948","TVNu-1948_B","46.8",NA,NA,NA,NA,NA,NA,NA,NA,NA
"TVNu-1948","TVNu-1948_B","480",487,"T12B","T","B",8,0.235783783783784,0.434234234234234,0.54298755186722,54.298755186722
"TVNu-1948","TVNu-1948_B","60",331,"T6B","T","B",1,0.161477477477477,0.317657657657658,0.508338060124787,50.8338060124787
"TVNu-1948","TVNu-1948_B","600",385,"T13B","T","B",10,0.236288288288288,0.454666666666667,0.519695648727907,51.9695648727907
"TVNu-1948","TVNu-1948_B","720",314,"T14B","T","B",12,0.18590990990991,0.324756756756757,0.572458943630715,57.2458943630715
"TVNu-1948","TVNu-1948_B","735",NA,NA,NA,NA,NA,NA,NA,NA,NA
"TVNu-1948","TVNu-1948_B","75",460,"T7B","T","B",1.25,0.218954954954955,0.42627027027027,0.513652886972694,51.3652886972694
"TVNu-1948","TVNu-1948_B","840",371,"T15B","T","B",14,0.197261261261261,0.35236036036036,0.559828185723052,55.9828185723052
"TVNu-1948","TVNu-1948_B","90",373,"T8B","T","B",1.5,0.218342342342342,0.362990990990991,0.601508984413779,60.1508984413779
"TVNu-1948","TVNu-1948_B","91.2",NA,NA,NA,NA,NA,NA,NA,NA,NA
"TVNu-1948","TVNu-1948_B","960",436,"T16B","T","B",16,0.174198198198198,0.375747747747748,0.46360410472811,46.360410472811
"TVNu-1948","TVNu-1948_C","-240",154,"T1C","T","C",-4,0.235963963963964,0.318018018018018,0.741983002832861,74.1983002832861
"TVNu-1948","TVNu-1948_C","-60",203,"T2C","T","C",-1,0.224072072072072,0.332720720720721,0.673453915303802,67.3453915303802
"TVNu-1948","TVNu-1948_C","1140",483,"T17C","T","C",19,0.229225225225225,0.416828828828829,0.549926515086021,54.9926515086021
"TVNu-1948","TVNu-1948_C","120",NA,NA,NA,NA,NA,NA,NA,NA,NA
"TVNu-1948","TVNu-1948_C","1215",400,"T18C","T","C",20.25,0.265945945945946,0.481837837837838,0.551940767332286,55.1940767332286
"TVNu-1948","TVNu-1948_C","1230",386,"T19C","T","C",20.5,0.25845045045045,0.457801801801802,0.564546599496222,56.4546599496222
"TVNu-1948","TVNu-1948_C","1245",440,"T20C","T","C",20.75,0.220900900900901,0.402990990990991,0.548153447196638,54.8153447196638
"TVNu-1948","TVNu-1948_C","1260",411,"T21C","T","C",21,0.248936936936937,0.444144144144144,0.560486815415821,56.0486815415821
"TVNu-1948","TVNu-1948_C","1261.8",NA,NA,NA,NA,NA,NA,NA,NA,NA
"TVNu-1948","TVNu-1948_C","1275",448,"T22C","T","C",21.25,0.257765765765766,0.447963963963964,0.575416297964766,57.5416297964766
"TVNu-1948","TVNu-1948_C","1290",466,"T23C","T","C",21.5,0.254054054054054,0.428900900900901,0.592337422281969,59.2337422281969
"TVNu-1948","TVNu-1948_C","1320",174,"T24C","T","C",22,0.22972972972973,0.35409009009009,0.64878892733564,64.878892733564
"TVNu-1948","TVNu-1948_C","1440",434,"T25C","T","C",24,0.291351351351351,0.425297297297297,0.685053380782918,68.5053380782918
"TVNu-1948","TVNu-1948_C","15",432,"T3C","T","C",0.25,0.239423423423423,0.402846846846847,0.594328651936667,59.4328651936667
"TVNu-1948","TVNu-1948_C","1560",NA,NA,NA,NA,NA,NA,NA,NA,NA
"TVNu-1948","TVNu-1948_C","1680",NA,NA,NA,NA,NA,NA,NA,NA,NA
"TVNu-1948","TVNu-1948_C","1710",NA,NA,NA,NA,NA,NA,NA,NA,NA
"TVNu-1948","TVNu-1948_C","1740",NA,NA,NA,NA,NA,NA,NA,NA,NA
"TVNu-1948","TVNu-1948_C","1800",NA,NA,NA,NA,NA,NA,NA,NA,NA
"TVNu-1948","TVNu-1948_C","1920",399,"T29C","T","C",32,0.308540540540541,0.477009009009009,0.646823298330438,64.6823298330438
"TVNu-1948","TVNu-1948_C","2040",NA,NA,NA,NA,NA,NA,NA,NA,NA
"TVNu-1948","TVNu-1948_C","2055",NA,NA,NA,NA,NA,NA,NA,NA,NA
"TVNu-1948","TVNu-1948_C","2160",375,"T31C","T","C",36,0.342702702702703,0.471387387387387,0.727008638483296,72.7008638483296
"TVNu-1948","TVNu-1948_C","2340",442,"T32C","T","C",39,0.336576576576577,0.462342342342342,0.727981293842556,72.7981293842556
"TVNu-1948","TVNu-1948_C","240",209,"T10C","T","C",4,0.214198198198198,0.354126126126126,0.604864149791391,60.4864149791391
"TVNu-1948","TVNu-1948_C","30",476,"T4C","T","C",0.5,0.281081081081081,0.439927927927928,0.638925294888598,63.8925294888598
"TVNu-1948","TVNu-1948_C","360",376,"T11C","T","C",6,0.264288288288288,0.466018018018018,0.567120321682648,56.7120321682648
"TVNu-1948","TVNu-1948_C","390",NA,NA,NA,NA,NA,NA,NA,NA,NA
"TVNu-1948","TVNu-1948_C","45",464,"T5C","T","C",0.75,0.272684684684685,0.446810810810811,0.610291152512299,61.0291152512299
"TVNu-1948","TVNu-1948_C","46.8",NA,NA,NA,NA,NA,NA,NA,NA,NA
"TVNu-1948","TVNu-1948_C","480",NA,NA,NA,NA,NA,NA,NA,NA,NA
"TVNu-1948","TVNu-1948_C","60",NA,NA,NA,NA,NA,NA,NA,NA,NA
"TVNu-1948","TVNu-1948_C","600",429,"T13C","T","C",10,0.240144144144144,0.475711711711712,0.50481024164836,50.481024164836
"TVNu-1948","TVNu-1948_C","720",477,"T14C","T","C",12,0.221477477477477,0.394774774774775,0.561022364217252,56.1022364217252
"TVNu-1948","TVNu-1948_C","735",NA,NA,NA,NA,NA,NA,NA,NA,NA
"TVNu-1948","TVNu-1948_C","75",417,"T7C","T","C",1.25,0.295243243243243,0.476252252252252,0.619930387409201,61.9930387409201
"TVNu-1948","TVNu-1948_C","840",175,"T15C","T","C",14,0.18036036036036,0.343855855855856,0.524523160762943,52.4523160762943
"TVNu-1948","TVNu-1948_C","90",463,"T8C","T","C",1.5,0.248288288288288,0.424576576576577,0.584790358173485,58.4790358173485
"TVNu-1948","TVNu-1948_C","91.2",NA,NA,NA,NA,NA,NA,NA,NA,NA
"TVNu-1948","TVNu-1948_C","960",186,"T16C","T","C",16,0.180504504504505,0.302846846846847,0.596025702046645,59.6025702046645
"TVNu-1948","TVNu-1948_D","-240",183,"T1D","T","D",-4,0.241801801801802,0.365153153153153,0.662192835290635,66.2192835290635
"TVNu-1948","TVNu-1948_D","-60",15,"T2D","T","D",-1,0.233369369369369,0.407963963963964,0.57203427259076,57.203427259076
"TVNu-1948","TVNu-1948_D","1140",286,"T17D","T","D",19,0.186054054054054,0.36609009009009,0.508219312924501,50.8219312924501
"TVNu-1948","TVNu-1948_D","120",177,"T9D","T","D",2,0.189513513513514,0.341225225225225,0.555391276797972,55.5391276797972
"TVNu-1948","TVNu-1948_D","1215",21,"T18D","T","D",20.25,0.179387387387387,0.326846846846847,0.548842337375965,54.8842337375965
"TVNu-1948","TVNu-1948_D","1230",2,"T19D","T","D",20.5,0.188684684684685,0.341873873873874,0.55191314430273,55.191314430273
"TVNu-1948","TVNu-1948_D","1245",227,"T20D","T","D",20.75,0.202738738738739,0.380504504504504,0.532815607538593,53.2815607538593
"TVNu-1948","TVNu-1948_D","1260",28,"T21D","T","D",21,0.189585585585586,0.369837837837838,0.512618142843223,51.2618142843223
"TVNu-1948","TVNu-1948_D","1261.8",NA,NA,NA,NA,NA,NA,NA,NA,NA
"TVNu-1948","TVNu-1948_D","1275",32,"T22D","T","D",21.25,0.18381981981982,0.353657657657658,0.519767678826167,51.9767678826167
"TVNu-1948","TVNu-1948_D","1290",293,"T23D","T","D",21.5,0.222054054054054,0.389801801801802,0.569658870296755,56.9658870296755
"TVNu-1948","TVNu-1948_D","1320",299,"T24D","T","D",22,0.204432432432432,0.34990990990991,0.584243048403708,58.4243048403708
"TVNu-1948","TVNu-1948_D","1440",20,"T25D","T","D",24,0.212324324324324,0.344396396396396,0.616511457570367,61.6511457570367
"TVNu-1948","TVNu-1948_D","15",139,"T3D","T","D",0.25,0.224252252252252,0.321765765765766,0.696942546757756,69.6942546757756
"TVNu-1948","TVNu-1948_D","1560",342,"T26D","T","D",26,0.265837837837838,0.407603603603604,0.65219697639466,65.219697639466
"TVNu-1948","TVNu-1948_D","1680",10,"T27D","T","D",28,0.248972972972973,0.363171171171171,0.6855526890256,68.55526890256
"TVNu-1948","TVNu-1948_D","1710",NA,NA,NA,NA,NA,NA,NA,NA,NA
"TVNu-1948","TVNu-1948_D","1740",NA,NA,NA,NA,NA,NA,NA,NA,NA
"TVNu-1948","TVNu-1948_D","1800",247,"T28D","T","D",30,0.247387387387387,0.36245045045045,0.68254126068801,68.254126068801
"TVNu-1948","TVNu-1948_D","1920",23,"T29D","T","D",32,0.245081081081081,0.354388674388674,0.691560139453806,69.1560139453806
"TVNu-1948","TVNu-1948_D","2040",NA,NA,NA,NA,NA,NA,NA,NA,NA
"TVNu-1948","TVNu-1948_D","2055",6,"T30D","T","D",34.25,0.273081081081081,0.414846846846847,0.658269631688673,65.8269631688673
"TVNu-1948","TVNu-1948_D","2160",184,"T31D","T","D",36,0.250594594594595,0.359207207207207,0.697632423756019,69.7632423756019
"TVNu-1948","TVNu-1948_D","2340",273,"T32D","T","D",39,0.258882882882883,0.351459459459459,0.736593868553266,73.6593868553266
"TVNu-1948","TVNu-1948_D","240",18,"T10D","T","D",4,0.17636036036036,0.381801801801802,0.461915998112317,46.1915998112317
"TVNu-1948","TVNu-1948_D","30",160,"T4D","T","D",0.5,0.238954954954955,0.383243243243243,0.62350728725905,62.350728725905
"TVNu-1948","TVNu-1948_D","360",156,"T11D","T","D",6,0.172036036036036,0.355243243243243,0.484276729559748,48.4276729559748
"TVNu-1948","TVNu-1948_D","390",NA,NA,NA,NA,NA,NA,NA,NA,NA
"TVNu-1948","TVNu-1948_D","45",25,"T5D","T","D",0.75,0.187711711711712,0.364072072072072,0.51558942888251,51.558942888251
"TVNu-1948","TVNu-1948_D","46.8",NA,NA,NA,NA,NA,NA,NA,NA,NA
"TVNu-1948","TVNu-1948_D","480",17,"T12D","T","D",8,0.15790990990991,0.354378378378378,0.445596908684157,44.5596908684157
"TVNu-1948","TVNu-1948_D","60",310,"T6D","T","D",1,0.178738738738739,0.333801801801802,0.535463672676239,53.5463672676239
"TVNu-1948","TVNu-1948_D","600",9,"T13D","T","D",10,0.172648648648649,0.348,0.496116806461634,49.6116806461634
"TVNu-1948","TVNu-1948_D","720",5,"T14D","T","D",12,0.178486486486486,0.407783783783784,0.437698833510074,43.7698833510074
"TVNu-1948","TVNu-1948_D","735",NA,NA,NA,NA,NA,NA,NA,NA,NA
"TVNu-1948","TVNu-1948_D","75",250,"T7D","T","D",1.25,0.198054054054054,0.343891891891892,0.575919522162842,57.5919522162842
"TVNu-1948","TVNu-1948_D","840",282,"T15D","T","D",14,0.166342342342342,0.355207207207207,0.468296641980319,46.8296641980318
"TVNu-1948","TVNu-1948_D","90",24,"T8D","T","D",1.5,0.181477477477477,0.38154954954955,0.475632791839819,47.5632791839819
"TVNu-1948","TVNu-1948_D","91.2",NA,NA,NA,NA,NA,NA,NA,NA,NA
"TVNu-1948","TVNu-1948_D","960",468,"T16D","T","D",16,0.188540540540541,0.411099099099099,0.458625525946704,45.8625525946704
"Vadenantha","Vadenantha_A","-240",169,"N1A","N","A",-4,0.334594594594595,0.413117117117117,0.809926727145848,80.9926727145848
"Vadenantha","Vadenantha_A","-60",NA,NA,NA,NA,NA,NA,NA,NA,NA
"Vadenantha","Vadenantha_A","1140",520,"N17A","N","A",19,0.212936936936937,0.361477477477477,0.5890738709999,58.90738709999
"Vadenantha","Vadenantha_A","120",500,"N9A","N","A",2,0.211711711711712,0.379495495495495,0.557876744848542,55.7876744848542
"Vadenantha","Vadenantha_A","1215",84,"N18A","N","A",20.25,0.209297297297297,0.312036036036036,0.670747199445664,67.0747199445664
"Vadenantha","Vadenantha_A","1230",151,"N19A","N","A",20.5,0.302630630630631,0.460900900900901,0.656606724003128,65.6606724003128
"Vadenantha","Vadenantha_A","1245",349,"N20A","N","A",20.75,0.233981981981982,0.355603603603604,0.657985407377382,65.7985407377382
"Vadenantha","Vadenantha_A","1260",NA,NA,NA,NA,NA,NA,NA,NA,NA
"Vadenantha","Vadenantha_A","1261.8",NA,NA,NA,NA,NA,NA,NA,NA,NA
"Vadenantha","Vadenantha_A","1275",490,"N22A","N","A",21.25,0.270558558558559,0.40245045045045,0.672277936962751,67.2277936962751
"Vadenantha","Vadenantha_A","1290",489,"N23A","N","A",21.5,0.29354954954955,0.430018018018018,0.682644766613593,68.2644766613593
"Vadenantha","Vadenantha_A","1320",495,"N24A","N","A",22,0.279279279279279,0.41618018018018,0.671053770889255,67.1053770889255
"Vadenantha","Vadenantha_A","1440",531,"N25A","N","A",24,0.291783783783784,0.395855855855856,0.73709604005462,73.709604005462
"Vadenantha","Vadenantha_A","15",340,"N3A","N","A",0.25,0.261441441441441,0.393621621621622,0.664194818273368,66.4194818273368
"Vadenantha","Vadenantha_A","1560",NA,NA,NA,NA,NA,NA,NA,NA,NA
"Vadenantha","Vadenantha_A","1680",356,"N27A","N","A",28,0.273117117117117,0.36154954954955,0.755407156383933,75.5407156383933
"Vadenantha","Vadenantha_A","1710",NA,NA,NA,NA,NA,NA,NA,NA,NA
"Vadenantha","Vadenantha_A","1740",NA,NA,NA,NA,NA,NA,NA,NA,NA
"Vadenantha","Vadenantha_A","1800",524,"N28A","N","A",30,0.345441441441441,0.466774774774775,0.740060217710183,74.0060217710183
"Vadenantha","Vadenantha_A","1920",37,"N29A","N","A",32,0.242558558558559,0.310702702702703,0.780677337044769,78.0677337044769
"Vadenantha","Vadenantha_A","2040",208,"N30A","N","A",34,0.404756756756757,0.469945945945946,0.86128364389234,86.128364389234
"Vadenantha","Vadenantha_A","2055",NA,NA,NA,NA,NA,NA,NA,NA,NA
"Vadenantha","Vadenantha_A","2160",NA,NA,NA,NA,NA,NA,NA,NA,NA
"Vadenantha","Vadenantha_A","2340",519,"N32A","N","A",39,0.299279279279279,0.394990990990991,0.757686342486999,75.7686342486999
"Vadenantha","Vadenantha_A","240",513,"N10A","N","A",4,0.261945945945946,0.429549549549549,0.609815436241611,60.9815436241611
"Vadenantha","Vadenantha_A","30",522,"N4A","N","A",0.5,0.251675675675676,0.382702702702703,0.657627118644068,65.7627118644068
"Vadenantha","Vadenantha_A","360",491,"N11A","N","A",6,0.241117117117117,0.406882882882883,0.592595872819059,59.2595872819059
"Vadenantha","Vadenantha_A","390",NA,NA,NA,NA,NA,NA,NA,NA,NA
"Vadenantha","Vadenantha_A","45",494,"N5A","N","A",0.75,0.290234234234234,0.416828828828829,0.696291173165038,69.6291173165038
"Vadenantha","Vadenantha_A","46.8",NA,NA,NA,NA,NA,NA,NA,NA,NA
"Vadenantha","Vadenantha_A","480",218,"N12A","N","A",8,0.260252252252252,0.44763963963964,0.581387860247947,58.1387860247947
"Vadenantha","Vadenantha_A","60",505,"N6A","N","A",1,0.213513513513514,0.366918918918919,0.581909251620507,58.1909251620507
"Vadenantha","Vadenantha_A","600",526,"N13A","N","A",10,0.244756756756757,0.403531531531532,0.606536881585998,60.6536881585997
"Vadenantha","Vadenantha_A","720",498,"N14A","N","A",12,0.246882882882883,0.43236036036036,0.571011835305884,57.1011835305884
"Vadenantha","Vadenantha_A","735",NA,NA,NA,NA,NA,NA,NA,NA,NA
"Vadenantha","Vadenantha_A","75",496,"N7A","N","A",1.25,0.266378378378378,0.418378378378378,0.636692506459948,63.6692506459948
"Vadenantha","Vadenantha_A","840",523,"N15A","N","A",14,0.262234234234234,0.38154954954955,0.687287495277673,68.7287495277673
"Vadenantha","Vadenantha_A","90",511,"N8A","N","A",1.5,0.243963963963964,0.417333333333333,0.584578188412054,58.4578188412054
"Vadenantha","Vadenantha_A","91.2",NA,NA,NA,NA,NA,NA,NA,NA,NA
"Vadenantha","Vadenantha_A","960",76,"N16A","N","A",16,0.188936936936937,0.294126126126126,0.642367066895369,64.2367066895369
"Vadenantha","Vadenantha_B","-240",NA,NA,NA,NA,NA,NA,NA,NA,NA
"Vadenantha","Vadenantha_B","-60",NA,NA,NA,NA,NA,NA,NA,NA,NA
"Vadenantha","Vadenantha_B","1140",51,"N17B","N","B",19,0.205117117117117,0.300756756756757,0.682003354900551,68.2003354900551
"Vadenantha","Vadenantha_B","120",518,"N9B","N","B",2,0.237117117117117,0.39563963963964,0.599325985973222,59.9325985973221
"Vadenantha","Vadenantha_B","1215",499,"N18B","N","B",20.25,0.267207207207207,0.433369369369369,0.61658074172626,61.658074172626
"Vadenantha","Vadenantha_B","1230",320,"N19B","N","B",20.5,0.273981981981982,0.46227027027027,0.592687870283754,59.2687870283754
"Vadenantha","Vadenantha_B","1245",59,"N20B","N","B",20.75,0.20554954954955,0.317261261261261,0.647887323943662,64.7887323943662
"Vadenantha","Vadenantha_B","1260",506,"N21B","N","B",21,0.285693693693694,0.410702702702703,0.695621654821444,69.5621654821444
"Vadenantha","Vadenantha_B","1261.8",NA,NA,NA,NA,NA,NA,NA,NA,NA
"Vadenantha","Vadenantha_B","1275",517,"N22B","N","B",21.25,0.298414414414414,0.428108108108108,0.697053872053872,69.7053872053872
"Vadenantha","Vadenantha_B","1290",NA,NA,NA,NA,NA,NA,NA,NA,NA
"Vadenantha","Vadenantha_B","1320",89,"N24B","N","B",22,0.252900900900901,0.333981981981982,0.757229175658179,75.7229175658179
"Vadenantha","Vadenantha_B","1440",497,"N25B","N","B",24,0.294810810810811,0.408504504504504,0.721683133380381,72.1683133380381
"Vadenantha","Vadenantha_B","15",90,"N3B","N","B",0.25,0.190162162162162,0.306954954954955,0.619511622446584,61.9511622446584
"Vadenantha","Vadenantha_B","1560",514,"N26B","N","B",26,0.347567567567568,0.449369369369369,0.77345629510826,77.345629510826
"Vadenantha","Vadenantha_B","1680",238,"N27B","N","B",28,0.281261261261261,0.339963963963964,0.827326690693237,82.7326690693237
"Vadenantha","Vadenantha_B","1710",NA,NA,NA,NA,NA,NA,NA,NA,NA
"Vadenantha","Vadenantha_B","1740",NA,NA,NA,NA,NA,NA,NA,NA,NA
"Vadenantha","Vadenantha_B","1800",507,"N28B","N","B",30,0.342342342342342,0.450702702702703,0.759574638202606,75.9574638202606
"Vadenantha","Vadenantha_B","1920",NA,NA,NA,NA,NA,NA,NA,NA,NA
"Vadenantha","Vadenantha_B","2040",53,"N30B","N","B",34,0.250954954954955,0.316900900900901,0.791903570616329,79.1903570616329
"Vadenantha","Vadenantha_B","2055",NA,NA,NA,NA,NA,NA,NA,NA,NA
"Vadenantha","Vadenantha_B","2160",521,"N31B","N","B",36,0.312936936936937,0.413009009009009,0.757700026175726,75.7700026175726
"Vadenantha","Vadenantha_B","2340",362,"N32B","N","B",39,0.294018018018018,0.365369369369369,0.804714468882533,80.4714468882533
"Vadenantha","Vadenantha_B","240",528,"N10B","N","B",4,0.251099099099099,0.390774774774775,0.642567318332719,64.2567318332719
"Vadenantha","Vadenantha_B","30",515,"N4B","N","B",0.5,0.285405405405405,0.406162162162162,0.702688315145062,70.2688315145062
"Vadenantha","Vadenantha_B","360",114,"N11B","N","B",6,0.201945945945946,0.309153153153153,0.653222986362047,65.3222986362047
"Vadenantha","Vadenantha_B","390",NA,NA,NA,NA,NA,NA,NA,NA,NA
"Vadenantha","Vadenantha_B","45",529,"N5B","N","B",0.75,0.232468468468468,0.395783783783784,0.587362287171083,58.7362287171083
"Vadenantha","Vadenantha_B","46.8",NA,NA,NA,NA,NA,NA,NA,NA,NA
"Vadenantha","Vadenantha_B","480",525,"N12B","N","B",8,0.248216216216216,0.417117117117117,0.595075593952484,59.5075593952484
"Vadenantha","Vadenantha_B","60",103,"N6B","N","B",1,0.180612612612613,0.299423423423423,0.603201347935973,60.3201347935973
"Vadenantha","Vadenantha_B","600",504,"N13B","N","B",10,0.238774774774775,0.398810810810811,0.598716906117286,59.8716906117286
"Vadenantha","Vadenantha_B","720",527,"N14B","N","B",12,0.227531531531531,0.36227027027027,0.628071222520641,62.8071222520641
"Vadenantha","Vadenantha_B","735",NA,NA,NA,NA,NA,NA,NA,NA,NA
"Vadenantha","Vadenantha_B","75",512,"N7B","N","B",1.25,0.241801801801802,0.361045045045045,0.669727517716339,66.9727517716339
"Vadenantha","Vadenantha_B","840",45,"N15B","N","B",14,0.203171171171171,0.342414414414415,0.593348768680278,59.3348768680278
"Vadenantha","Vadenantha_B","90",492,"N8B","N","B",1.5,0.212072072072072,0.365261261261261,0.580603788476717,58.0603788476717
"Vadenantha","Vadenantha_B","91.2",NA,NA,NA,NA,NA,NA,NA,NA,NA
"Vadenantha","Vadenantha_B","960",38,"N16B","N","B",16,0.206666666666667,0.337009009009009,0.613237810094098,61.3237810094097
"Vadenantha","Vadenantha_C","-240",214,"N1C","N","C",-4,0.415207207207207,0.508324324324324,0.816815539486743,81.6815539486743
"Vadenantha","Vadenantha_C","-60",201,"N2C","N","C",-1,0.366126126126126,0.408432432432432,0.896417857773072,89.6417857773072
"Vadenantha","Vadenantha_C","1140",192,"N17C","N","C",19,0.281477477477477,0.479891891891892,0.586543515806863,58.6543515806863
"Vadenantha","Vadenantha_C","120",176,"N9C","N","C",2,0.156720720720721,0.237837837837838,0.658939393939394,65.8939393939394
"Vadenantha","Vadenantha_C","1215",187,"N18C","N","C",20.25,0.350018018018018,0.516324324324324,0.677903405918481,67.7903405918481
"Vadenantha","Vadenantha_C","1230",159,"N19C","N","C",20.5,0.346990990990991,0.508324324324324,0.682617325960584,68.2617325960584
"Vadenantha","Vadenantha_C","1245",140,"N20C","N","C",20.75,0.34018018018018,0.513657657657658,0.66227023993265,66.227023993265
"Vadenantha","Vadenantha_C","1260",370,"N21C","N","C",21,0.363783783783784,0.531387387387387,0.684592431845924,68.4592431845924
"Vadenantha","Vadenantha_C","1261.8",NA,NA,NA,NA,NA,NA,NA,NA,NA
"Vadenantha","Vadenantha_C","1275",179,"N22C","N","C",21.25,0.209405405405405,0.277081081081081,0.755754974639095,75.5754974639095
"Vadenantha","Vadenantha_C","1290",191,"N23C","N","C",21.5,0.289333333333333,0.395171171171171,0.732172168520883,73.2172168520883
"Vadenantha","Vadenantha_C","1320",188,"N24C","N","C",22,0.181945945945946,0.247459459459459,0.735255570117955,73.5255570117955
"Vadenantha","Vadenantha_C","1440",502,"N25C","N","C",24,0.28154954954955,0.390702702702703,0.720623501199041,72.0623501199041
"Vadenantha","Vadenantha_C","15",501,"N3C","N","C",0.25,0.247243243243243,0.345966537966538,0.714644961609428,71.4644961609428
"Vadenantha","Vadenantha_C","1560",170,"N26C","N","C",26,0.433765765765766,0.501621621621622,0.864727011494253,86.4727011494253
"Vadenantha","Vadenantha_C","1680",NA,NA,NA,NA,NA,NA,NA,NA,NA
"Vadenantha","Vadenantha_C","1710",NA,NA,NA,NA,NA,NA,NA,NA,NA
"Vadenantha","Vadenantha_C","1740",503,"N27C","N","C",29,0.250810810810811,0.343711711711712,0.729712728035227,72.9712728035228
"Vadenantha","Vadenantha_C","1800",NA,NA,NA,NA,NA,NA,NA,NA,NA
"Vadenantha","Vadenantha_C","1920",206,"N29C","N","C",32,0.230414414414414,0.261225225225225,0.882052696923714,88.2052696923714
"Vadenantha","Vadenantha_C","2040",488,"N30C","N","C",34,0.27790990990991,0.360972972972973,0.769891184985525,76.9891184985525
"Vadenantha","Vadenantha_C","2055",NA,NA,NA,NA,NA,NA,NA,NA,NA
"Vadenantha","Vadenantha_C","2160",530,"N31C","N","C",36,0.253225225225225,0.324504504504505,0.780344253192671,78.0344253192671
"Vadenantha","Vadenantha_C","2340",158,"N32C","N","C",39,0.223387387387387,0.267063063063063,0.836459317231143,83.6459317231143
"Vadenantha","Vadenantha_C","240",NA,NA,NA,NA,NA,NA,NA,NA,NA
"Vadenantha","Vadenantha_C","30",162,"N4C","N","C",0.5,0.192720720720721,0.254126126126126,0.758366420873511,75.8366420873511
"Vadenantha","Vadenantha_C","360",211,"N11C","N","C",6,0.159387387387387,0.277441441441441,0.574490193531627,57.4490193531627
"Vadenantha","Vadenantha_C","390",NA,NA,NA,NA,NA,NA,NA,NA,NA
"Vadenantha","Vadenantha_C","45",143,"N5C","N","C",0.75,0.429060489060489,0.52018018018018,0.824830521054975,82.4830521054975
"Vadenantha","Vadenantha_C","46.8",NA,NA,NA,NA,NA,NA,NA,NA,NA
"Vadenantha","Vadenantha_C","480",164,"N12C","N","C",8,0.18554954954955,0.305189189189189,0.607982052190341,60.7982052190341
"Vadenantha","Vadenantha_C","60",337,"N6C","N","C",1,0.444720720720721,0.529477477477478,0.839923773225345,83.9923773225345
"Vadenantha","Vadenantha_C","600",NA,NA,NA,NA,NA,NA,NA,NA,NA
"Vadenantha","Vadenantha_C","720",NA,NA,NA,NA,NA,NA,NA,NA,NA
"Vadenantha","Vadenantha_C","735",NA,NA,NA,NA,NA,NA,NA,NA,NA
"Vadenantha","Vadenantha_C","75",281,"N7C","N","C",1.25,0.437585585585586,0.549801801801802,0.795896965327391,79.5896965327391
"Vadenantha","Vadenantha_C","840",190,"N15C","N","C",14,0.182594594594595,0.302522522522523,0.603573555687909,60.3573555687909
"Vadenantha","Vadenantha_C","90",NA,NA,NA,NA,NA,NA,NA,NA,NA
"Vadenantha","Vadenantha_C","91.2",NA,NA,NA,NA,NA,NA,NA,NA,NA
"Vadenantha","Vadenantha_C","960",NA,NA,NA,NA,NA,NA,NA,NA,NA
"Vadenantha","Vadenantha_D","-240",161,"N1D","N","D",-4,0.287063063063063,0.33163963963964,0.865587308486363,86.5587308486363
"Vadenantha","Vadenantha_D","-60",NA,NA,NA,NA,NA,NA,NA,NA,NA
"Vadenantha","Vadenantha_D","1140",219,"N17D","N","D",19,0.220648648648649,0.392864864864865,0.561640066042928,56.1640066042928
"Vadenantha","Vadenantha_D","120",NA,NA,NA,NA,NA,NA,NA,NA,NA
"Vadenantha","Vadenantha_D","1215",149,"N18D","N","D",20.25,0.226882882882883,0.371603603603604,0.61055081458495,61.055081458495
"Vadenantha","Vadenantha_D","1230",26,"N19D","N","D",20.5,0.0927567567567568,0.150810810810811,0.61505376344086,61.505376344086
"Vadenantha","Vadenantha_D","1245",3,"N20D","N","D",20.75,0.118486486486486,0.21409009009009,0.553442181450934,55.3442181450934
"Vadenantha","Vadenantha_D","1260",31,"N21D","N","D",21,0.161801801801802,0.245477477477477,0.659130945390487,65.9130945390487
"Vadenantha","Vadenantha_D","1261.8",NA,NA,NA,NA,NA,NA,NA,NA,NA
"Vadenantha","Vadenantha_D","1275",19,"N22D","N","D",21.25,0.191279279279279,0.283423423423423,0.67488874761602,67.488874761602
"Vadenantha","Vadenantha_D","1290",35,"N23D","N","D",21.5,0.192684684684685,0.292720720720721,0.65825433952973,65.825433952973
"Vadenantha","Vadenantha_D","1320",301,"N24D","N","D",22,0.111099099099099,0.186918918918919,0.594370541738963,59.4370541738963
"Vadenantha","Vadenantha_D","1440",8,"N25D","N","D",24,0.191747747747748,0.245945945945946,0.7796336996337,77.96336996337
"Vadenantha","Vadenantha_D","15",155,"N3D","N","D",0.25,0.323783783783784,0.388396396396396,0.833642605307107,83.3642605307107
"Vadenantha","Vadenantha_D","1560",7,"N26D","N","D",26,0.166054054054054,0.231855855855856,0.716195212931302,71.6195212931302
"Vadenantha","Vadenantha_D","1680",NA,NA,NA,NA,NA,NA,NA,NA,NA
"Vadenantha","Vadenantha_D","1710",NA,NA,NA,NA,NA,NA,NA,NA,NA
"Vadenantha","Vadenantha_D","1740",NA,NA,NA,NA,NA,NA,NA,NA,NA
"Vadenantha","Vadenantha_D","1800",34,"N28D","N","D",30,0.15427027027027,0.208036036036036,0.741555517062186,74.1555517062186
"Vadenantha","Vadenantha_D","1920",NA,NA,NA,NA,NA,NA,NA,NA,NA
"Vadenantha","Vadenantha_D","2040",NA,NA,NA,NA,NA,NA,NA,NA,NA
"Vadenantha","Vadenantha_D","2055",NA,NA,NA,NA,NA,NA,NA,NA,NA
"Vadenantha","Vadenantha_D","2160",22,"N31D","N","D",36,0.200720720720721,0.259387387387387,0.773826062795221,77.3826062795221
"Vadenantha","Vadenantha_D","2340",178,"N32D","N","D",39,0.336936936936937,0.38209009009009,0.881825898330661,88.1825898330661
"Vadenantha","Vadenantha_D","240",NA,NA,NA,NA,NA,NA,NA,NA,NA
"Vadenantha","Vadenantha_D","30",NA,NA,NA,NA,NA,NA,NA,NA,NA
"Vadenantha","Vadenantha_D","360",NA,NA,NA,NA,NA,NA,NA,NA,NA
"Vadenantha","Vadenantha_D","390",NA,NA,NA,NA,NA,NA,NA,NA,NA
"Vadenantha","Vadenantha_D","45",307,"N5D","N","D",0.75,0.266702702702703,0.340468468468468,0.783340389500423,78.3340389500423
"Vadenantha","Vadenantha_D","46.8",NA,NA,NA,NA,NA,NA,NA,NA,NA
"Vadenantha","Vadenantha_D","480",280,"N12D","N","D",8,0.236792792792793,0.384756756756757,0.61543504729793,61.543504729793
"Vadenantha","Vadenantha_D","60",NA,NA,NA,NA,NA,NA,NA,NA,NA
"Vadenantha","Vadenantha_D","600",NA,NA,NA,NA,NA,NA,NA,NA,NA
"Vadenantha","Vadenantha_D","720",300,"N14D","N","D",12,0.131099099099099,0.210486486486486,0.622838555041945,62.2838555041945
"Vadenantha","Vadenantha_D","735",NA,NA,NA,NA,NA,NA,NA,NA,NA
"Vadenantha","Vadenantha_D","75",202,"N7D","N","D",1.25,0.235711711711712,0.292108108108108,0.80693313594868,80.693313594868
"Vadenantha","Vadenantha_D","840",193,"N15D","N","D",14,0.235927927927928,0.412468468468468,0.571990214922244,57.1990214922244
"Vadenantha","Vadenantha_D","90",NA,NA,NA,NA,NA,NA,NA,NA,NA
"Vadenantha","Vadenantha_D","91.2",NA,NA,NA,NA,NA,NA,NA,NA,NA
"Vadenantha","Vadenantha_D","960",NA,NA,NA,NA,NA,NA,NA,NA,NA
